prov_identifier,lat_prov,long_prov,elev_prov,MAT_prov,MSP100_prov,spring_event,fall_event,lat_garden,long_garden,elev_garden,year,MAT_garden,MSP100_garden,prov_continent,species,species_type,label,,,,
but some are repetitions,58.416667,-134.833333,30,5.7,7.34,102,183,55.85,-3.226081,185,1985,6.558333333,8.791666667,North America,Alnus rubra,angiosperm,NA ALNURU Cannell et al. 1987,,,,hmmmmm I probo need an identifier for all coordinates
,58.416667,-134.666667,45,5.8,8.76,100,183,55.85,-3.226081,185,1985,6.558333333,8.791666667,North America,Alnus rubra,angiosperm,NA ALNURU Cannell et al. 1987,,,,
,57.5,-135.833333,30,6.6,9.86,99,183,55.85,-3.226081,185,1985,6.558333333,8.791666667,North America,Alnus rubra,angiosperm,NA ALNURU Cannell et al. 1987,,,,
,55.416667,-132.833333,80,6.9,8.18,99,183,55.85,-3.226081,185,1985,6.558333333,8.791666667,North America,Alnus rubra,angiosperm,NA ALNURU Cannell et al. 1987,,,,
,48.333333,-116.083333,740,7.2,6.19,101,199,55.85,-3.226081,185,1985,6.558333333,8.791666667,North America,Alnus rubra,angiosperm,NA ALNURU Cannell et al. 1987,,,,
,50.316667,-125.933333,55,8.4,4.1,101,190,55.85,-3.226081,185,1985,6.558333333,8.791666667,North America,Alnus rubra,angiosperm,NA ALNURU Cannell et al. 1987,,,,
,50.05,-123.866667,15,8.9,5.22,103,196,55.85,-3.226081,185,1985,6.558333333,8.791666667,North America,Alnus rubra,angiosperm,NA ALNURU Cannell et al. 1987,,,,
,49.05,-123.933333,168,9,1.92,105,202,55.85,-3.226081,185,1985,6.558333333,8.791666667,North America,Alnus rubra,angiosperm,NA ALNURU Cannell et al. 1987,,,,
,48.7,-123.683333,521,7.9,1.73,102,198,55.85,-3.226081,185,1985,6.558333333,8.791666667,North America,Alnus rubra,angiosperm,NA ALNURU Cannell et al. 1987,,,,
,48.5,-124.333333,182,8.1,4.09,102,200,55.85,-3.226081,185,1985,6.558333333,8.791666667,North America,Alnus rubra,angiosperm,NA ALNURU Cannell et al. 1987,,,,
,48.366667,-124.016667,90,9.3,2.85,102,204,55.85,-3.226081,185,1985,6.558333333,8.791666667,North America,Alnus rubra,angiosperm,NA ALNURU Cannell et al. 1987,,,,
,46.416667,-123.766667,75,10.9,4.83,103,204,55.85,-3.226081,185,1985,6.558333333,8.791666667,North America,Alnus rubra,angiosperm,NA ALNURU Cannell et al. 1987,,,,
,48.6,-124.23,20,9.5,5.47,84.7,335.4,49.2186,-123.0548,93,1996,10.1,2.8,North America,Alnus rubra,angiosperm,NA ALNURU Hamann et al. 1998,,,,
,48.77,-124.97,40,9.8,6.36,87,330.3,49.2186,-123.0548,93,1996,10.1,2.8,North America,Alnus rubra,angiosperm,NA ALNURU Hamann et al. 1998,,,,
,48.83,-124.67,30,8.9,6.13,86.2,332.6,49.2186,-123.0548,93,1996,10.1,2.8,North America,Alnus rubra,angiosperm,NA ALNURU Hamann et al. 1998,,,,
,48.85,-123.65,150,9.6,1.7,88.9,330.8,49.2186,-123.0548,93,1996,10.1,2.8,North America,Alnus rubra,angiosperm,NA ALNURU Hamann et al. 1998,,,,
,48.92,-124.5,160,8.9,6.5,88,334.9,49.2186,-123.0548,93,1996,10.1,2.8,North America,Alnus rubra,angiosperm,NA ALNURU Hamann et al. 1998,,,,
,48.92,-124.87,40,9.3,6.15,86.7,333.1,49.2186,-123.0548,93,1996,10.1,2.8,North America,Alnus rubra,angiosperm,NA ALNURU Hamann et al. 1998,,,,
,48.95,-123.47,50,10.1,1.7,85.9,334.5,49.2186,-123.0548,93,1996,10.1,2.8,North America,Alnus rubra,angiosperm,NA ALNURU Hamann et al. 1998,,,,
,48.97,-124.72,200,9.1,8.18,86.3,330,49.2186,-123.0548,93,1996,10.1,2.8,North America,Alnus rubra,angiosperm,NA ALNURU Hamann et al. 1998,,,,
,49,-125.57,40,9.3,6.24,89.2,336.8,49.2186,-123.0548,93,1996,10.1,2.8,North America,Alnus rubra,angiosperm,NA ALNURU Hamann et al. 1998,,,,
,49.05,-123.93,107,9.3,1.91,84.6,333.4,49.2186,-123.0548,93,1996,10.1,2.8,North America,Alnus rubra,angiosperm,NA ALNURU Hamann et al. 1998,,,,
,49.05,-124.7,500,7.5,7.72,84.8,329.5,49.2186,-123.0548,93,1996,10.1,2.8,North America,Alnus rubra,angiosperm,NA ALNURU Hamann et al. 1998,,,,
,49.05,-125.45,50,9.2,7.03,86.7,327.4,49.2186,-123.0548,93,1996,10.1,2.8,North America,Alnus rubra,angiosperm,NA ALNURU Hamann et al. 1998,,,,
,49.17,-124.68,400,7.8,5.46,82.5,333.7,49.2186,-123.0548,93,1996,10.1,2.8,North America,Alnus rubra,angiosperm,NA ALNURU Hamann et al. 1998,,,,
,49.2,-124.75,100,9.1,2.89,85.8,333.4,49.2186,-123.0548,93,1996,10.1,2.8,North America,Alnus rubra,angiosperm,NA ALNURU Hamann et al. 1998,,,,
,49.32,-124.45,50,8.9,2.05,84.7,328.7,49.2186,-123.0548,93,1996,10.1,2.8,North America,Alnus rubra,angiosperm,NA ALNURU Hamann et al. 1998,,,,
,49.53,-124.88,100,8.7,2.33,85.8,334,49.2186,-123.0548,93,1996,10.1,2.8,North America,Alnus rubra,angiosperm,NA ALNURU Hamann et al. 1998,,,,
,49.57,-122.93,190,8.3,6.55,84.1,331.9,49.2186,-123.0548,93,1996,10.1,2.8,North America,Alnus rubra,angiosperm,NA ALNURU Hamann et al. 1998,,,,
,49.65,-124.03,150,9.4,2.88,82.4,334.8,49.2186,-123.0548,93,1996,10.1,2.8,North America,Alnus rubra,angiosperm,NA ALNURU Hamann et al. 1998,,,,
,49.72,-123.12,100,8.5,4.21,80.3,334.4,49.2186,-123.0548,93,1996,10.1,2.8,North America,Alnus rubra,angiosperm,NA ALNURU Hamann et al. 1998,,,,
,49.75,-125.12,250,8.2,2.56,86.2,331.1,49.2186,-123.0548,93,1996,10.1,2.8,North America,Alnus rubra,angiosperm,NA ALNURU Hamann et al. 1998,,,,
,49.88,-123.18,250,7.9,3.88,83,331.6,49.2186,-123.0548,93,1996,10.1,2.8,North America,Alnus rubra,angiosperm,NA ALNURU Hamann et al. 1998,,,,
,49.97,-124.75,150,9.1,2.76,82.6,332.4,49.2186,-123.0548,93,1996,10.1,2.8,North America,Alnus rubra,angiosperm,NA ALNURU Hamann et al. 1998,,,,
,49.97,-126.25,1000,4.4,4.97,84.1,328.8,49.2186,-123.0548,93,1996,10.1,2.8,North America,Alnus rubra,angiosperm,NA ALNURU Hamann et al. 1998,,,,
,50.02,-126.82,200,8.4,8.67,83.4,329.8,49.2186,-123.0548,93,1996,10.1,2.8,North America,Alnus rubra,angiosperm,NA ALNURU Hamann et al. 1998,,,,
,50.07,-123.1,540,6.3,3.48,84,326.6,49.2186,-123.0548,93,1996,10.1,2.8,North America,Alnus rubra,angiosperm,NA ALNURU Hamann et al. 1998,,,,
,50.08,-125.53,100,9.1,2.66,84.4,328.9,49.2186,-123.0548,93,1996,10.1,2.8,North America,Alnus rubra,angiosperm,NA ALNURU Hamann et al. 1998,,,,
,50.17,-125.22,50,9,3.48,81.7,329.8,49.2186,-123.0548,93,1996,10.1,2.8,North America,Alnus rubra,angiosperm,NA ALNURU Hamann et al. 1998,,,,
,50.18,-126.43,250,8.4,5.53,81.8,330.2,49.2186,-123.0548,93,1996,10.1,2.8,North America,Alnus rubra,angiosperm,NA ALNURU Hamann et al. 1998,,,,
,50.22,-125.55,700,6.1,3.72,85.4,326.8,49.2186,-123.0548,93,1996,10.1,2.8,North America,Alnus rubra,angiosperm,NA ALNURU Hamann et al. 1998,,,,
,50.23,-125.72,250,7.7,3.26,84.8,328.8,49.2186,-123.0548,93,1996,10.1,2.8,North America,Alnus rubra,angiosperm,NA ALNURU Hamann et al. 1998,,,,
,50.23,-125.72,300,7.5,3.26,86.7,330.9,49.2186,-123.0548,93,1996,10.1,2.8,North America,Alnus rubra,angiosperm,NA ALNURU Hamann et al. 1998,,,,
,50.35,-125.92,80,8.1,4.08,82.1,329.6,49.2186,-123.0548,93,1996,10.1,2.8,North America,Alnus rubra,angiosperm,NA ALNURU Hamann et al. 1998,,,,
,50.6,-128.25,30,8.9,7.28,88.1,330.6,49.2186,-123.0548,93,1996,10.1,2.8,North America,Alnus rubra,angiosperm,NA ALNURU Hamann et al. 1998,,,,
,50.62,-127.25,37,8.3,4.14,83.7,330.9,49.2186,-123.0548,93,1996,10.1,2.8,North America,Alnus rubra,angiosperm,NA ALNURU Hamann et al. 1998,,,,
,50.67,-128.07,20,8.3,7.82,85.3,323.7,49.2186,-123.0548,93,1996,10.1,2.8,North America,Alnus rubra,angiosperm,NA ALNURU Hamann et al. 1998,,,,
,50.72,-127.98,170,7.8,8.61,85.4,323.1,49.2186,-123.0548,93,1996,10.1,2.8,North America,Alnus rubra,angiosperm,NA ALNURU Hamann et al. 1998,,,,
,51.5,-126.13,30,7,13.14,85.4,324.4,49.2186,-123.0548,93,1996,10.1,2.8,North America,Alnus rubra,angiosperm,NA ALNURU Hamann et al. 1998,,,,
,52.35,-131.35,1,8.6,6.38,84.8,323.8,49.2186,-123.0548,93,1996,10.1,2.8,North America,Alnus rubra,angiosperm,NA ALNURU Hamann et al. 1998,,,,
,52.37,-126.58,40,6.4,3.57,80.5,327.1,49.2186,-123.0548,93,1996,10.1,2.8,North America,Alnus rubra,angiosperm,NA ALNURU Hamann et al. 1998,,,,
,52.37,-126.92,30,7.5,5.56,81.6,325.3,49.2186,-123.0548,93,1996,10.1,2.8,North America,Alnus rubra,angiosperm,NA ALNURU Hamann et al. 1998,,,,
,52.43,-126.55,150,6.2,3.78,82.4,319.9,49.2186,-123.0548,93,1996,10.1,2.8,North America,Alnus rubra,angiosperm,NA ALNURU Hamann et al. 1998,,,,
,53.12,-131.67,10,7.9,3.42,80.8,322,49.2186,-123.0548,93,1996,10.1,2.8,North America,Alnus rubra,angiosperm,NA ALNURU Hamann et al. 1998,,,,
,53.13,-132.25,20,7.9,7.86,81.4,324.6,49.2186,-123.0548,93,1996,10.1,2.8,North America,Alnus rubra,angiosperm,NA ALNURU Hamann et al. 1998,,,,
,53.37,-132.45,100,7.7,7.72,80.3,328,49.2186,-123.0548,93,1996,10.1,2.8,North America,Alnus rubra,angiosperm,NA ALNURU Hamann et al. 1998,,,,
,53.85,-132.18,10,8,4.06,83.4,323.1,49.2186,-123.0548,93,1996,10.1,2.8,North America,Alnus rubra,angiosperm,NA ALNURU Hamann et al. 1998,,,,
,54.05,-132,10,7.3,4.23,81.7,325.5,49.2186,-123.0548,93,1996,10.1,2.8,North America,Alnus rubra,angiosperm,NA ALNURU Hamann et al. 1998,,,,
,54.25,-128.5,60,6.1,3.67,81.9,318.8,49.2186,-123.0548,93,1996,10.1,2.8,North America,Alnus rubra,angiosperm,NA ALNURU Hamann et al. 1998,,,,
,54.25,-129.55,10,6.6,8.92,80.8,321.1,49.2186,-123.0548,93,1996,10.1,2.8,North America,Alnus rubra,angiosperm,NA ALNURU Hamann et al. 1998,,,,
,54.25,-130.03,160,6.8,9.56,82.4,316.5,49.2186,-123.0548,93,1996,10.1,2.8,North America,Alnus rubra,angiosperm,NA ALNURU Hamann et al. 1998,,,,
,54.27,-130.27,46,8.1,8.61,80.2,321.3,49.2186,-123.0548,93,1996,10.1,2.8,North America,Alnus rubra,angiosperm,NA ALNURU Hamann et al. 1998,,,,
,54.32,-129.33,20,6.8,7.77,80.5,318.5,49.2186,-123.0548,93,1996,10.1,2.8,North America,Alnus rubra,angiosperm,NA ALNURU Hamann et al. 1998,,,,
,54.33,-129.28,10,5.3,5.72,78.7,324.7,49.2186,-123.0548,93,1996,10.1,2.8,North America,Alnus rubra,angiosperm,NA ALNURU Hamann et al. 1998,,,,
,54.43,-128.92,100,5.5,3.66,81.4,317.8,49.2186,-123.0548,93,1996,10.1,2.8,North America,Alnus rubra,angiosperm,NA ALNURU Hamann et al. 1998,,,,
,54.45,-128.48,100,5.6,3.61,81.7,320.4,49.2186,-123.0548,93,1996,10.1,2.8,North America,Alnus rubra,angiosperm,NA ALNURU Hamann et al. 1998,,,,
,54,-130,200,6.5,10.84,79,319.3,49.2186,-123.0548,93,1996,10.1,2.8,North America,Alnus rubra,angiosperm,NA ALNURU Hamann et al. 1998,,,,
1,46.23,-113.77,2164,1.7,2.62,103.4,214.6,46.7,-117,690,n.d.,8.1,1.55,North America,Picea engelmannii,gymnosperm,NG PICEEN Rehfeldt 1994,,,,
2,44.88,-114.3,2134,3.1,1.88,103.1,214.8,46.7,-117,690,n.d.,8.1,1.55,North America,Picea engelmannii,gymnosperm,NG PICEEN Rehfeldt 1994,,,,
3,44.35,-115.22,2225,3.4,2.79,104.1,215.9,46.7,-117,690,n.d.,8.1,1.55,North America,Picea engelmannii,gymnosperm,NG PICEEN Rehfeldt 1994,,,,
4,44.52,-115.6,1859,3.5,2.46,103,215.8,46.7,-117,690,n.d.,8.1,1.55,North America,Picea engelmannii,gymnosperm,NG PICEEN Rehfeldt 1994,,,,
5,45.05,-115.92,2073,3,3.72,103.4,216.5,46.7,-117,690,n.d.,8.1,1.55,North America,Picea engelmannii,gymnosperm,NG PICEEN Rehfeldt 1994,,,,
6,44.63,-115.57,2195,2.3,2.59,103.2,215.7,46.7,-117,690,n.d.,8.1,1.55,North America,Picea engelmannii,gymnosperm,NG PICEEN Rehfeldt 1994,,,,
7,44.63,-115.6,1920,3.8,2.66,104,219,46.7,-117,690,n.d.,8.1,1.55,North America,Picea engelmannii,gymnosperm,NG PICEEN Rehfeldt 1994,,,,
8,43.83,-114.62,2164,2.4,1.64,103.2,216.2,46.7,-117,690,n.d.,8.1,1.55,North America,Picea engelmannii,gymnosperm,NG PICEEN Rehfeldt 1994,,,,
9,44.5,-114.4,2134,3.4,2.53,103.6,217.2,46.7,-117,690,n.d.,8.1,1.55,North America,Picea engelmannii,gymnosperm,NG PICEEN Rehfeldt 1994,,,,
10,43.83,-114.25,2438,1.9,2.62,103.7,214.2,46.7,-117,690,n.d.,8.1,1.55,North America,Picea engelmannii,gymnosperm,NG PICEEN Rehfeldt 1994,,,,
11,43.87,-114.72,2530,1.8,2.16,102,214.3,46.7,-117,690,n.d.,8.1,1.55,North America,Picea engelmannii,gymnosperm,NG PICEEN Rehfeldt 1994,,,,
12,44.93,-109.52,2987,0.4,3.47,102.4,209.9,46.7,-117,690,n.d.,8.1,1.55,North America,Picea engelmannii,gymnosperm,NG PICEEN Rehfeldt 1994,,,,
13,39.53,-111.25,2606,3.3,1.98,103.5,217.1,46.7,-117,690,n.d.,8.1,1.55,North America,Picea engelmannii,gymnosperm,NG PICEEN Rehfeldt 1994,,,,
14,39.57,-111.25,2667,3.3,2.01,102.6,216.2,46.7,-117,690,n.d.,8.1,1.55,North America,Picea engelmannii,gymnosperm,NG PICEEN Rehfeldt 1994,,,,
15,43.82,-110.38,2240,1.7,2.26,101.6,214.4,46.7,-117,690,n.d.,8.1,1.55,North America,Picea engelmannii,gymnosperm,NG PICEEN Rehfeldt 1994,,,,
16,43.77,-110.32,2393,1.8,2.46,102.1,212.9,46.7,-117,690,n.d.,8.1,1.55,North America,Picea engelmannii,gymnosperm,NG PICEEN Rehfeldt 1994,,,,
17,43.8,-110.23,2591,1.5,2.52,102.7,213.4,46.7,-117,690,n.d.,8.1,1.55,North America,Picea engelmannii,gymnosperm,NG PICEEN Rehfeldt 1994,,,,
18,43.43,-110.87,1935,3.9,2.05,102.7,217,46.7,-117,690,n.d.,8.1,1.55,North America,Picea engelmannii,gymnosperm,NG PICEEN Rehfeldt 1994,,,,
19,43.43,-110.92,2057,3.8,2.64,103.2,216.5,46.7,-117,690,n.d.,8.1,1.55,North America,Picea engelmannii,gymnosperm,NG PICEEN Rehfeldt 1994,,,,
20,43.42,-110.92,2195,2.9,2.51,102.4,215.2,46.7,-117,690,n.d.,8.1,1.55,North America,Picea engelmannii,gymnosperm,NG PICEEN Rehfeldt 1994,,,,
21,43.17,-110.52,2210,0.5,1.97,101.5,214.7,46.7,-117,690,n.d.,8.1,1.55,North America,Picea engelmannii,gymnosperm,NG PICEEN Rehfeldt 1994,,,,
22,43.18,-110.27,2347,0,1.85,102.3,214.4,46.7,-117,690,n.d.,8.1,1.55,North America,Picea engelmannii,gymnosperm,NG PICEEN Rehfeldt 1994,,,,
23,43.07,-110.87,2012,3.4,2.35,102.5,215.1,46.7,-117,690,n.d.,8.1,1.55,North America,Picea engelmannii,gymnosperm,NG PICEEN Rehfeldt 1994,,,,
24,42.73,-110.68,2225,2.8,2.6,102.4,213.5,46.7,-117,690,n.d.,8.1,1.55,North America,Picea engelmannii,gymnosperm,NG PICEEN Rehfeldt 1994,,,,
25,42.67,-110.68,2332,2.1,2.51,101.9,213.4,46.7,-117,690,n.d.,8.1,1.55,North America,Picea engelmannii,gymnosperm,NG PICEEN Rehfeldt 1994,,,,
26,42.57,-110.68,2560,0.9,2.46,102.2,212.8,46.7,-117,690,n.d.,8.1,1.55,North America,Picea engelmannii,gymnosperm,NG PICEEN Rehfeldt 1994,,,,
27,42.53,-110.63,2743,0.3,2.49,101.7,212.5,46.7,-117,690,n.d.,8.1,1.55,North America,Picea engelmannii,gymnosperm,NG PICEEN Rehfeldt 1994,,,,
28,41.9,-111.48,2408,4.2,2.33,102.1,214.2,46.7,-117,690,n.d.,8.1,1.55,North America,Picea engelmannii,gymnosperm,NG PICEEN Rehfeldt 1994,,,,
29,41.58,-111.43,2560,3.2,2.37,102.7,214.8,46.7,-117,690,n.d.,8.1,1.55,North America,Picea engelmannii,gymnosperm,NG PICEEN Rehfeldt 1994,,,,
30,40.62,-111.58,2560,4,2.41,102.7,215.2,46.7,-117,690,n.d.,8.1,1.55,North America,Picea engelmannii,gymnosperm,NG PICEEN Rehfeldt 1994,,,,
31,40.58,-111.02,2499,4.2,2.24,102.9,216.9,46.7,-117,690,n.d.,8.1,1.55,North America,Picea engelmannii,gymnosperm,NG PICEEN Rehfeldt 1994,,,,
32,40.63,-110.97,2652,2.9,2.66,103.2,214.9,46.7,-117,690,n.d.,8.1,1.55,North America,Picea engelmannii,gymnosperm,NG PICEEN Rehfeldt 1994,,,,
33,40.28,-111.28,2637,2.8,2.16,102.1,215.7,46.7,-117,690,n.d.,8.1,1.55,North America,Picea engelmannii,gymnosperm,NG PICEEN Rehfeldt 1994,,,,
34,39.83,-111.72,2835,3.4,2.31,102.3,216.7,46.7,-117,690,n.d.,8.1,1.55,North America,Picea engelmannii,gymnosperm,NG PICEEN Rehfeldt 1994,,,,
35,39.6,-111.22,2606,3.6,2.09,103.3,215.2,46.7,-117,690,n.d.,8.1,1.55,North America,Picea engelmannii,gymnosperm,NG PICEEN Rehfeldt 1994,,,,
36,39.45,-111.27,2682,3.4,2.27,102.4,214.4,46.7,-117,690,n.d.,8.1,1.55,North America,Picea engelmannii,gymnosperm,NG PICEEN Rehfeldt 1994,,,,
37,39.6,-111.3,2758,3.2,2.09,101.9,215.4,46.7,-117,690,n.d.,8.1,1.55,North America,Picea engelmannii,gymnosperm,NG PICEEN Rehfeldt 1994,,,,
38,39.13,-111.38,2926,4.9,2.42,102.9,216.1,46.7,-117,690,n.d.,8.1,1.55,North America,Picea engelmannii,gymnosperm,NG PICEEN Rehfeldt 1994,,,,
39,38.22,-112.43,2926,3.6,2.79,104.6,216.8,46.7,-117,690,n.d.,8.1,1.55,North America,Picea engelmannii,gymnosperm,NG PICEEN Rehfeldt 1994,,,,
40,38.02,-111.72,2850,4.3,1.98,102.5,216.7,46.7,-117,690,n.d.,8.1,1.55,North America,Picea engelmannii,gymnosperm,NG PICEEN Rehfeldt 1994,,,,
41,38.03,-111.68,2911,4.1,1.95,103.2,217,46.7,-117,690,n.d.,8.1,1.55,North America,Picea engelmannii,gymnosperm,NG PICEEN Rehfeldt 1994,,,,
42,37.53,-112.77,2865,2.9,2.52,103.5,216.4,46.7,-117,690,n.d.,8.1,1.55,North America,Picea engelmannii,gymnosperm,NG PICEEN Rehfeldt 1994,,,,
43,37.57,-112.83,3018,2.4,2.64,102.3,215.2,46.7,-117,690,n.d.,8.1,1.55,North America,Picea engelmannii,gymnosperm,NG PICEEN Rehfeldt 1994,,,,
44,37.58,-112.87,3231,2.1,2.7,101.6,215.1,46.7,-117,690,n.d.,8.1,1.55,North America,Picea engelmannii,gymnosperm,NG PICEEN Rehfeldt 1994,,,,
45,37.87,-109.47,2804,5.4,2.84,103.4,219.4,46.7,-117,690,n.d.,8.1,1.55,North America,Picea engelmannii,gymnosperm,NG PICEEN Rehfeldt 1994,,,,
46,37.85,-109.45,2972,4.6,2.79,102.3,216.3,46.7,-117,690,n.d.,8.1,1.55,North America,Picea engelmannii,gymnosperm,NG PICEEN Rehfeldt 1994,,,,
47,37.85,-109.47,3109,4.1,2.94,103.5,217.9,46.7,-117,690,n.d.,8.1,1.55,North America,Picea engelmannii,gymnosperm,NG PICEEN Rehfeldt 1994,,,,
48,43.5,-110.98,2256,3.1,3.04,102.6,214.6,46.7,-117,690,n.d.,8.1,1.55,North America,Picea engelmannii,gymnosperm,NG PICEEN Rehfeldt 1994,,,,
49,43.78,-110.13,2728,0.2,2.68,102.5,208.9,46.7,-117,690,n.d.,8.1,1.55,North America,Picea engelmannii,gymnosperm,NG PICEEN Rehfeldt 1994,,,,
50,41.68,-111.42,2469,3.7,1.95,102.9,216.2,46.7,-117,690,n.d.,8.1,1.55,North America,Picea engelmannii,gymnosperm,NG PICEEN Rehfeldt 1994,,,,
51,41.88,-111.65,2637,3.2,2.98,102.9,213.1,46.7,-117,690,n.d.,8.1,1.55,North America,Picea engelmannii,gymnosperm,NG PICEEN Rehfeldt 1994,,,,
52,41.88,-111.63,2438,4.1,2.94,102.6,214.5,46.7,-117,690,n.d.,8.1,1.55,North America,Picea engelmannii,gymnosperm,NG PICEEN Rehfeldt 1994,,,,
53,41.88,-111.6,2103,5.2,2.6,101.6,214.5,46.7,-117,690,n.d.,8.1,1.55,North America,Picea engelmannii,gymnosperm,NG PICEEN Rehfeldt 1994,,,,
54,41.68,-111.37,2301,4.8,1.94,102.1,214.9,46.7,-117,690,n.d.,8.1,1.55,North America,Picea engelmannii,gymnosperm,NG PICEEN Rehfeldt 1994,,,,
55,40.78,-110.88,2789,3.1,2.77,102.2,213.8,46.7,-117,690,n.d.,8.1,1.55,North America,Picea engelmannii,gymnosperm,NG PICEEN Rehfeldt 1994,,,,
56,40.75,-110.87,2941,2.3,2.84,104.3,215.6,46.7,-117,690,n.d.,8.1,1.55,North America,Picea engelmannii,gymnosperm,NG PICEEN Rehfeldt 1994,,,,
57,40.93,-110.67,3124,1.8,2.62,104,215,46.7,-117,690,n.d.,8.1,1.55,North America,Picea engelmannii,gymnosperm,NG PICEEN Rehfeldt 1994,,,,
58,36.73,-106.3,2972,2.8,2.48,103.9,224.4,46.7,-117,690,n.d.,8.1,1.55,North America,Picea engelmannii,gymnosperm,NG PICEEN Rehfeldt 1994,,,,
59,33.4,-105.78,2926,5.5,4.73,103.7,180,46.7,-117,690,n.d.,8.1,1.55,North America,Picea engelmannii,gymnosperm,NG PICEEN Rehfeldt 1994,,,,
60,35.33,-111.7,2774,4.9,3.19,102.6,226.3,46.7,-117,690,n.d.,8.1,1.55,North America,Picea engelmannii,gymnosperm,NG PICEEN Rehfeldt 1994,,,,
61,40.72,-110.85,3178,1,2.94,102.2,212.7,46.7,-117,690,n.d.,8.1,1.55,North America,Picea engelmannii,gymnosperm,NG PICEEN Rehfeldt 1994,,,,
62,40.78,-109.58,2835,2.5,2.85,100.8,212.5,46.7,-117,690,n.d.,8.1,1.55,North America,Picea engelmannii,gymnosperm,NG PICEEN Rehfeldt 1994,,,,
63,40.77,-109.78,3048,1.8,3.05,106.2,215.1,46.7,-117,690,n.d.,8.1,1.55,North America,Picea engelmannii,gymnosperm,NG PICEEN Rehfeldt 1994,,,,
64,40.77,-109.83,3292,-0.2,3.05,103.4,211.4,46.7,-117,690,n.d.,8.1,1.55,North America,Picea engelmannii,gymnosperm,NG PICEEN Rehfeldt 1994,,,,
65,40.6,-110.02,2621,5.2,2.56,103,216,46.7,-117,690,n.d.,8.1,1.55,North America,Picea engelmannii,gymnosperm,NG PICEEN Rehfeldt 1994,,,,
66,40.72,-110.03,2987,0.9,2.98,103.2,214.6,46.7,-117,690,n.d.,8.1,1.55,North America,Picea engelmannii,gymnosperm,NG PICEEN Rehfeldt 1994,,,,
67,40.78,-110.02,3185,0.1,3.36,102.8,212.7,46.7,-117,690,n.d.,8.1,1.55,North America,Picea engelmannii,gymnosperm,NG PICEEN Rehfeldt 1994,,,,
68,41.92,-113.4,2713,2.8,2.54,103.7,215.2,46.7,-117,690,n.d.,8.1,1.55,North America,Picea engelmannii,gymnosperm,NG PICEEN Rehfeldt 1994,,,,
69,41.43,-111.52,2728,2.4,2.37,101.9,214.6,46.7,-117,690,n.d.,8.1,1.55,North America,Picea engelmannii,gymnosperm,NG PICEEN Rehfeldt 1994,,,,
70,40.48,-111,2743,3.9,2.29,103.2,214.6,46.7,-117,690,n.d.,8.1,1.55,North America,Picea engelmannii,gymnosperm,NG PICEEN Rehfeldt 1994,,,,
71,40.48,-111.03,2880,3,2.24,102.8,214.8,46.7,-117,690,n.d.,8.1,1.55,North America,Picea engelmannii,gymnosperm,NG PICEEN Rehfeldt 1994,,,,
72,39.03,-114.3,2987,4.2,2.39,104.4,215.5,46.7,-117,690,n.d.,8.1,1.55,North America,Picea engelmannii,gymnosperm,NG PICEEN Rehfeldt 1994,,,,
73,38.53,-112.08,3048,4,2.44,104.2,216.2,46.7,-117,690,n.d.,8.1,1.55,North America,Picea engelmannii,gymnosperm,NG PICEEN Rehfeldt 1994,,,,
74,38.52,-112.05,3139,3.2,2.45,102.5,215.5,46.7,-117,690,n.d.,8.1,1.55,North America,Picea engelmannii,gymnosperm,NG PICEEN Rehfeldt 1994,,,,
75,38.53,-112.07,3383,2.2,2.45,103.3,214.5,46.7,-117,690,n.d.,8.1,1.55,North America,Picea engelmannii,gymnosperm,NG PICEEN Rehfeldt 1994,,,,
76,38.63,-111.65,2804,3.6,2.45,102.2,216.1,46.7,-117,690,n.d.,8.1,1.55,North America,Picea engelmannii,gymnosperm,NG PICEEN Rehfeldt 1994,,,,
77,38.43,-111.47,3109,2.9,2.06,102.7,215.7,46.7,-117,690,n.d.,8.1,1.55,North America,Picea engelmannii,gymnosperm,NG PICEEN Rehfeldt 1994,,,,
78,38.48,-111.47,2850,3.9,2,102.9,216.9,46.7,-117,690,n.d.,8.1,1.55,North America,Picea engelmannii,gymnosperm,NG PICEEN Rehfeldt 1994,,,,
79,38.47,-111.47,2972,3.3,2.04,104.3,217.9,46.7,-117,690,n.d.,8.1,1.55,North America,Picea engelmannii,gymnosperm,NG PICEEN Rehfeldt 1994,,,,
80,38.43,-111.47,3002,3.5,2.06,102.8,219.6,46.7,-117,690,n.d.,8.1,1.55,North America,Picea engelmannii,gymnosperm,NG PICEEN Rehfeldt 1994,,,,
81,39.65,-110.33,2926,5,2.25,103.5,216.2,46.7,-117,690,n.d.,8.1,1.55,North America,Picea engelmannii,gymnosperm,NG PICEEN Rehfeldt 1994,,,,
82,39.25,-111.43,3139,1.5,2.23,102.6,213.8,46.7,-117,690,n.d.,8.1,1.55,North America,Picea engelmannii,gymnosperm,NG PICEEN Rehfeldt 1994,,,,
83,39.17,-111.48,3261,1.2,2.41,103.1,215,46.7,-117,690,n.d.,8.1,1.55,North America,Picea engelmannii,gymnosperm,NG PICEEN Rehfeldt 1994,,,,
84,38.48,-109.28,2957,4.4,2.58,103.3,217.9,46.7,-117,690,n.d.,8.1,1.55,North America,Picea engelmannii,gymnosperm,NG PICEEN Rehfeldt 1994,,,,
85,38.47,-109.25,3063,4.8,3.09,102.2,218.3,46.7,-117,690,n.d.,8.1,1.55,North America,Picea engelmannii,gymnosperm,NG PICEEN Rehfeldt 1994,,,,
86,38.03,-111.33,2941,4.7,1.62,103.5,216.7,46.7,-117,690,n.d.,8.1,1.55,North America,Picea engelmannii,gymnosperm,NG PICEEN Rehfeldt 1994,,,,
87,38.03,-112.18,3048,2.5,2.62,103.4,216.1,46.7,-117,690,n.d.,8.1,1.55,North America,Picea engelmannii,gymnosperm,NG PICEEN Rehfeldt 1994,,,,
88,38,-112.23,3109,2.4,2.71,103.5,216,46.7,-117,690,n.d.,8.1,1.55,North America,Picea engelmannii,gymnosperm,NG PICEEN Rehfeldt 1994,,,,
89,38.02,-112.2,3231,1.6,2.61,103.1,214,46.7,-117,690,n.d.,8.1,1.55,North America,Picea engelmannii,gymnosperm,NG PICEEN Rehfeldt 1994,,,,
90,37.95,-111.72,2850,5,1.96,103.2,217.7,46.7,-117,690,n.d.,8.1,1.55,North America,Picea engelmannii,gymnosperm,NG PICEEN Rehfeldt 1994,,,,
91,37.97,-111.72,2987,4.1,1.98,103.7,215.6,46.7,-117,690,n.d.,8.1,1.55,North America,Picea engelmannii,gymnosperm,NG PICEEN Rehfeldt 1994,,,,
92,37.92,-111.87,3170,2.1,2.3,102.6,215.8,46.7,-117,690,n.d.,8.1,1.55,North America,Picea engelmannii,gymnosperm,NG PICEEN Rehfeldt 1994,,,,
93,37.77,-107.97,2865,2.8,3.15,104.3,222.4,46.7,-117,690,n.d.,8.1,1.55,North America,Picea engelmannii,gymnosperm,NG PICEEN Rehfeldt 1994,,,,
94,37.75,-107.98,2957,2.7,3.18,102.2,216.7,46.7,-117,690,n.d.,8.1,1.55,North America,Picea engelmannii,gymnosperm,NG PICEEN Rehfeldt 1994,,,,
95,37.78,-107.93,3078,0.8,2.97,103.5,217.7,46.7,-117,690,n.d.,8.1,1.55,North America,Picea engelmannii,gymnosperm,NG PICEEN Rehfeldt 1994,,,,
96,37.8,-107.92,3139,0.6,2.96,102.8,215.6,46.7,-117,690,n.d.,8.1,1.55,North America,Picea engelmannii,gymnosperm,NG PICEEN Rehfeldt 1994,,,,
97,37.83,-107.88,2911,1.8,3.17,103.6,219.6,46.7,-117,690,n.d.,8.1,1.55,North America,Picea engelmannii,gymnosperm,NG PICEEN Rehfeldt 1994,,,,
98,39.13,-111.45,2926,3.8,2.53,102.4,214.9,46.7,-117,690,n.d.,8.1,1.55,North America,Picea engelmannii,gymnosperm,NG PICEEN Rehfeldt 1994,,,,
99,40.65,-111.12,2858,3,2.44,103.1,214.7,46.7,-117,690,n.d.,8.1,1.55,North America,Picea engelmannii,gymnosperm,NG PICEEN Rehfeldt 1994,,,,
100,39.53,-106.22,3246,0.5,2.7,103.2,213,46.7,-117,690,n.d.,8.1,1.55,North America,Picea engelmannii,gymnosperm,NG PICEEN Rehfeldt 1994,,,,
101,39.55,-106.25,3444,-0.4,2.67,103.7,213.5,46.7,-117,690,n.d.,8.1,1.55,North America,Picea engelmannii,gymnosperm,NG PICEEN Rehfeldt 1994,,,,
102,39.53,-106.15,2957,2.1,2.67,102.5,220.9,46.7,-117,690,n.d.,8.1,1.55,North America,Picea engelmannii,gymnosperm,NG PICEEN Rehfeldt 1994,,,,
103,39.67,-105.88,3597,0.7,2.8,102.7,211.4,46.7,-117,690,n.d.,8.1,1.55,North America,Picea engelmannii,gymnosperm,NG PICEEN Rehfeldt 1994,,,,
,39.249544,-123.768628,55,11.9,0.72,121.91,291.45,49.256067,-123.250025,35,2003,10.1,2.56,North America,Picea sitchensis,gymnosperm,NG PICESI Mimura & Aitken 2007,,,,
,42.012381,-124.211969,50,12.1,2.34,127.61,281.43,49.256067,-123.250025,35,2003,10.1,2.56,North America,Picea sitchensis,gymnosperm,NG PICESI Mimura & Aitken 2007,,,,
,47,-124,9,10.8,3.11,125.48,250.13,49.256067,-123.250025,35,2003,10.1,2.56,North America,Picea sitchensis,gymnosperm,NG PICESI Mimura & Aitken 2007,,,,
,49.003886,-123.001833,0,9.7,2.21,118.13,248.99,49.256067,-123.250025,35,2003,10.1,2.56,North America,Picea sitchensis,gymnosperm,NG PICESI Mimura & Aitken 2007,,,,
,49.502769,-124.850856,58,8.8,2.27,116.48,244.64,49.256067,-123.250025,35,2003,10.1,2.56,North America,Picea sitchensis,gymnosperm,NG PICESI Mimura & Aitken 2007,,,,
,52.502933,-128.237544,44,8.1,10.29,119.86,232.43,49.256067,-123.250025,35,2003,10.1,2.56,North America,Picea sitchensis,gymnosperm,NG PICESI Mimura & Aitken 2007,,,,
,53.000919,-131.947478,53,7.9,7.06,120.07,237.1,49.256067,-123.250025,35,2003,10.1,2.56,North America,Picea sitchensis,gymnosperm,NG PICESI Mimura & Aitken 2007,,,,
,53.499556,-130,22,8,7.8,120.6,223.52,49.256067,-123.250025,35,2003,10.1,2.56,North America,Picea sitchensis,gymnosperm,NG PICESI Mimura & Aitken 2007,,,,
,60.054233,-141.289728,57,3.3,11.41,121.78,178.65,49.256067,-123.250025,35,2003,10.1,2.56,North America,Picea sitchensis,gymnosperm,NG PICESI Mimura & Aitken 2007,,,,
,61.138864,-146.349544,50,1.4,8,118.44,178.17,49.256067,-123.250025,35,2003,10.1,2.56,North America,Picea sitchensis,gymnosperm,NG PICESI Mimura & Aitken 2007,,,,
,61,-147,6,3.6,13.02,121.7,178.54,49.256067,-123.250025,35,2003,10.1,2.56,North America,Picea sitchensis,gymnosperm,NG PICESI Mimura & Aitken 2007,,,,
,59.205089,-151.241825,49,3.8,3.41,123.51,181.61,49.256067,-123.250025,35,2003,10.1,2.56,North America,Picea sitchensis,gymnosperm,NG PICESI Mimura & Aitken 2007,,,,
,57.002,-153.307319,25,5.9,6.85,119.98,175.21,49.256067,-123.250025,35,2003,10.1,2.56,North America,Picea sitchensis,gymnosperm,NG PICESI Mimura & Aitken 2007,,,,
,55.9688,-133.6282,10,7.2,7.86,119.09,210.74,49.256067,-123.250025,35,2003,10.1,2.56,North America,Picea sitchensis,gymnosperm,NG PICESI Mimura & Aitken 2007,,,,
,55.9723,-131.965,10,6.9,8.27,118.47,205.44,49.256067,-123.250025,35,2003,10.1,2.56,North America,Picea sitchensis,gymnosperm,NG PICESI Mimura & Aitken 2007,,,,
,57.5162,-134.8496,10,6.4,5.75,120.77,197.83,49.256067,-123.250025,35,2003,10.1,2.56,North America,Picea sitchensis,gymnosperm,NG PICESI Mimura & Aitken 2007,,,,
,56.9455,-133.0122,10,6.3,7.96,121.81,190.44,49.256067,-123.250025,35,2003,10.1,2.56,North America,Picea sitchensis,gymnosperm,NG PICESI Mimura & Aitken 2007,,,,
,41.7983,-122.1575,2363,4,1.15,109.78,N.A.,49.22,-123.1,53,2003,10.1,2.69,North America,Pinus albicaulis,gymnosperm,NG PINUAL Bower and Aitken 2008,,,,
,43.256,-122.682,2200,4.8,2.29,103.92,N.A.,49.22,-123.1,53,2003,10.1,2.69,North America,Pinus albicaulis,gymnosperm,NG PINUAL Bower and Aitken 2008,,,,
,50.096,-122.901,1908,0.6,4.47,97.61,N.A.,49.22,-123.1,53,2003,10.1,2.69,North America,Pinus albicaulis,gymnosperm,NG PINUAL Bower and Aitken 2008,,,,
,46.635,-114.859,2062,1.7,4.52,99.17,N.A.,49.22,-123.1,53,2003,10.1,2.69,North America,Pinus albicaulis,gymnosperm,NG PINUAL Bower and Aitken 2008,,,,
,42.07,-120.24,2538,4.2,1.99,109.59,N.A.,49.22,-123.1,53,2003,10.1,2.69,North America,Pinus albicaulis,gymnosperm,NG PINUAL Bower and Aitken 2008,,,,
,50.533,-122.58,1800,0.5,2.58,94.92,N.A.,49.22,-123.1,53,2003,10.1,2.69,North America,Pinus albicaulis,gymnosperm,NG PINUAL Bower and Aitken 2008,,,,
,42.3,-120.15,2462,3.9,1.67,106.92,N.A.,49.22,-123.1,53,2003,10.1,2.69,North America,Pinus albicaulis,gymnosperm,NG PINUAL Bower and Aitken 2008,,,,
,48.84,-116.512,1846,1.5,3.51,94.67,N.A.,49.22,-123.1,53,2003,10.1,2.69,North America,Pinus albicaulis,gymnosperm,NG PINUAL Bower and Aitken 2008,,,,
,45.634,-115.947,2154,2.1,3.54,98.87,N.A.,49.22,-123.1,53,2003,10.1,2.69,North America,Pinus albicaulis,gymnosperm,NG PINUAL Bower and Aitken 2008,,,,
,46.869,-112.474,2338,2.3,2.83,99.38,N.A.,49.22,-123.1,53,2003,10.1,2.69,North America,Pinus albicaulis,gymnosperm,NG PINUAL Bower and Aitken 2008,,,,
,45.042,-109.451,2892,0.8,3.16,100.64,N.A.,49.22,-123.1,53,2003,10.1,2.69,North America,Pinus albicaulis,gymnosperm,NG PINUAL Bower and Aitken 2008,,,,
,51.267,-121.867,1846,0.9,2.53,91.43,N.A.,49.22,-123.1,53,2003,10.1,2.69,North America,Pinus albicaulis,gymnosperm,NG PINUAL Bower and Aitken 2008,,,,
,51.1,-121.667,1900,0.5,2.11,89.98,N.A.,49.22,-123.1,53,2003,10.1,2.69,North America,Pinus albicaulis,gymnosperm,NG PINUAL Bower and Aitken 2008,,,,
,45.4,-111.279,2154,3.6,4.04,92.43,N.A.,49.22,-123.1,53,2003,10.1,2.69,North America,Pinus albicaulis,gymnosperm,NG PINUAL Bower and Aitken 2008,,,,
,48.379,-116.187,1846,2.1,5.19,100.88,N.A.,49.22,-123.1,53,2003,10.1,2.69,North America,Pinus albicaulis,gymnosperm,NG PINUAL Bower and Aitken 2008,,,,
,49.1,-120.671,2000,0.3,2.25,97.18,N.A.,49.22,-123.1,53,2003,10.1,2.69,North America,Pinus albicaulis,gymnosperm,NG PINUAL Bower and Aitken 2008,,,,
,45.39,-121.656,1969,3.1,5.41,100.17,N.A.,49.22,-123.1,53,2003,10.1,2.69,North America,Pinus albicaulis,gymnosperm,NG PINUAL Bower and Aitken 2008,,,,
,45.895,-113.45,2400,0.3,3.9,93.93,N.A.,49.22,-123.1,53,2003,10.1,2.69,North America,Pinus albicaulis,gymnosperm,NG PINUAL Bower and Aitken 2008,,,,
,43.72,-121.23,2100,2.8,2.29,106.46,N.A.,49.22,-123.1,53,2003,10.1,2.69,North America,Pinus albicaulis,gymnosperm,NG PINUAL Bower and Aitken 2008,,,,
,43.689,-121.254,2250,2.4,2.12,104.5,N.A.,49.22,-123.1,53,2003,10.1,2.69,North America,Pinus albicaulis,gymnosperm,NG PINUAL Bower and Aitken 2008,,,,
,42.51,-122.15,2462,3.3,2.23,103.61,N.A.,49.22,-123.1,53,2003,10.1,2.69,North America,Pinus albicaulis,gymnosperm,NG PINUAL Bower and Aitken 2008,,,,
,45.705,-112.925,2646,1.5,3.55,94.77,N.A.,49.22,-123.1,53,2003,10.1,2.69,North America,Pinus albicaulis,gymnosperm,NG PINUAL Bower and Aitken 2008,,,,
,44.543,-111.409,2400,2.6,3.61,97.12,N.A.,49.22,-123.1,53,2003,10.1,2.69,North America,Pinus albicaulis,gymnosperm,NG PINUAL Bower and Aitken 2008,,,,
,47.516,-112.797,2154,3.5,3.22,98.04,N.A.,49.22,-123.1,53,2003,10.1,2.69,North America,Pinus albicaulis,gymnosperm,NG PINUAL Bower and Aitken 2008,,,,
,49.71,-120.917,1785,1.9,4.62,94.78,N.A.,49.22,-123.1,53,2003,10.1,2.69,North America,Pinus albicaulis,gymnosperm,NG PINUAL Bower and Aitken 2008,,,,
,50.98,-126.12,0,8.9,8.4,69.1,237.08,49.256067,-123.250025,77,2010,10.1,2.55,North America,Populus trichocarpa,angiosperm,NA POPUTR McKown et al. 2013,,,,
,52.42,-126.17,152,5.2,1.95,51.36,233.4,49.256067,-123.250025,77,2010,10.1,2.55,North America,Populus trichocarpa,angiosperm,NA POPUTR McKown et al. 2013,,,,
,52.38,-126.6,135,6.3,3.56,51.26,227.2,49.256067,-123.250025,77,2010,10.1,2.55,North America,Populus trichocarpa,angiosperm,NA POPUTR McKown et al. 2013,,,,
,54.55,-126.83,561,3.5,2.08,83.13,177.45,49.256067,-123.250025,77,2010,10.1,2.55,North America,Populus trichocarpa,angiosperm,NA POPUTR McKown et al. 2013,,,,
,54.45,-126.8,579,3.6,1.95,79.6,165.77,49.256067,-123.250025,77,2010,10.1,2.55,North America,Populus trichocarpa,angiosperm,NA POPUTR McKown et al. 2013,,,,
,45.75,-122.83,650,8.8,1.77,60.53,266.53,49.256067,-123.250025,77,2010,10.1,2.55,North America,Populus trichocarpa,angiosperm,NA POPUTR McKown et al. 2013,,,,
,51.73,-127.32,67,7.8,6.82,78.03,224.15,49.256067,-123.250025,77,2010,10.1,2.55,North America,Populus trichocarpa,angiosperm,NA POPUTR McKown et al. 2013,,,,
,51.77,-127.2,79,7.8,8.17,70.28,220.78,49.256067,-123.250025,77,2010,10.1,2.55,North America,Populus trichocarpa,angiosperm,NA POPUTR McKown et al. 2013,,,,
,49.1,-121.52,480,7.1,3.87,63.25,258.4,49.256067,-123.250025,77,2010,10.1,2.55,North America,Populus trichocarpa,angiosperm,NA POPUTR McKown et al. 2013,,,,
,49.08,-121.73,280,7,4.02,67.2,259.27,49.256067,-123.250025,77,2010,10.1,2.55,North America,Populus trichocarpa,angiosperm,NA POPUTR McKown et al. 2013,,,,
,49.95,-125.25,76,9,2.73,65.03,243.4,49.256067,-123.250025,77,2010,10.1,2.55,North America,Populus trichocarpa,angiosperm,NA POPUTR McKown et al. 2013,,,,
,49.67,-125.07,76,9.1,2.44,70.94,231.58,49.256067,-123.250025,77,2010,10.1,2.55,North America,Populus trichocarpa,angiosperm,NA POPUTR McKown et al. 2013,,,,
,49.07,-123.87,20,9.7,1.92,67.7,254.2,49.256067,-123.250025,77,2010,10.1,2.55,North America,Populus trichocarpa,angiosperm,NA POPUTR McKown et al. 2013,,,,
,52.77,-126.62,213,6.1,3.92,68.73,225.6,49.256067,-123.250025,77,2010,10.1,2.55,North America,Populus trichocarpa,angiosperm,NA POPUTR McKown et al. 2013,,,,
,52.83,-126.7,152,5,3.24,69.08,225.68,49.256067,-123.250025,77,2010,10.1,2.55,North America,Populus trichocarpa,angiosperm,NA POPUTR McKown et al. 2013,,,,
,52.83,-126.8,91,5.1,3.75,69.93,228.23,49.256067,-123.250025,77,2010,10.1,2.55,North America,Populus trichocarpa,angiosperm,NA POPUTR McKown et al. 2013,,,,
,52.82,-126.95,27,6.7,4.06,75.45,226.43,49.256067,-123.250025,77,2010,10.1,2.55,North America,Populus trichocarpa,angiosperm,NA POPUTR McKown et al. 2013,,,,
,50.25,-123.58,305,6.1,3.69,74.73,240.75,49.256067,-123.250025,77,2010,10.1,2.55,North America,Populus trichocarpa,angiosperm,NA POPUTR McKown et al. 2013,,,,
,49.52,-124.85,46,9.2,2.3,71.1,225.26,49.256067,-123.250025,77,2010,10.1,2.55,North America,Populus trichocarpa,angiosperm,NA POPUTR McKown et al. 2013,,,,
,50.1,-123,579,5.9,3.39,75.7,229.85,49.256067,-123.250025,77,2010,10.1,2.55,North America,Populus trichocarpa,angiosperm,NA POPUTR McKown et al. 2013,,,,
,44.42,-123.33,300,10.6,1.54,40.77,278.2,49.256067,-123.250025,77,2010,10.1,2.55,North America,Populus trichocarpa,angiosperm,NA POPUTR McKown et al. 2013,,,,
,50.03,-122.53,213,7.7,2.86,60.74,240.06,49.256067,-123.250025,77,2010,10.1,2.55,North America,Populus trichocarpa,angiosperm,NA POPUTR McKown et al. 2013,,,,
,49.77,-122.22,64,8.4,3.85,62.98,246.03,49.256067,-123.250025,77,2010,10.1,2.55,North America,Populus trichocarpa,angiosperm,NA POPUTR McKown et al. 2013,,,,
,55.22,-127.67,238,4.5,2.61,64.93,175.95,49.256067,-123.250025,77,2010,10.1,2.55,North America,Populus trichocarpa,angiosperm,NA POPUTR McKown et al. 2013,,,,
,50.93,-124.85,46,8.6,3.06,59.6,239.9,49.256067,-123.250025,77,2010,10.1,2.55,North America,Populus trichocarpa,angiosperm,NA POPUTR McKown et al. 2013,,,,
,50.95,-124.9,37,7.9,3.08,58.78,243.94,49.256067,-123.250025,77,2010,10.1,2.55,North America,Populus trichocarpa,angiosperm,NA POPUTR McKown et al. 2013,,,,
,51.23,-124.95,88,8.1,2.57,55.66,234.12,49.256067,-123.250025,77,2010,10.1,2.55,North America,Populus trichocarpa,angiosperm,NA POPUTR McKown et al. 2013,,,,
,51.28,-124.83,152,6.6,2.31,59.52,235.22,49.256067,-123.250025,77,2010,10.1,2.55,North America,Populus trichocarpa,angiosperm,NA POPUTR McKown et al. 2013,,,,
,49.43,-121.43,61,8.9,3.76,59.18,256.52,49.256067,-123.250025,77,2010,10.1,2.55,North America,Populus trichocarpa,angiosperm,NA POPUTR McKown et al. 2013,,,,
,49.4,-121.55,500,7.2,4.86,61.6,235.1,49.256067,-123.250025,77,2010,10.1,2.55,North America,Populus trichocarpa,angiosperm,NA POPUTR McKown et al. 2013,,,,
,49.28,-121.95,40,9.3,4.18,59.4,263.93,49.256067,-123.250025,77,2010,10.1,2.55,North America,Populus trichocarpa,angiosperm,NA POPUTR McKown et al. 2013,,,,
,49.23,-121.85,30,10,4.32,54.53,261.47,49.256067,-123.250025,77,2010,10.1,2.55,North America,Populus trichocarpa,angiosperm,NA POPUTR McKown et al. 2013,,,,
,56.73,-129.73,579,2.3,3.6,64.98,160.45,49.256067,-123.250025,77,2010,10.1,2.55,North America,Populus trichocarpa,angiosperm,NA POPUTR McKown et al. 2013,,,,
,56.7,-131.15,73,4.6,4.81,72.33,149.95,49.256067,-123.250025,77,2010,10.1,2.55,North America,Populus trichocarpa,angiosperm,NA POPUTR McKown et al. 2013,,,,
,56.93,-130.33,317,3.1,2.68,75.65,151.98,49.256067,-123.250025,77,2010,10.1,2.55,North America,Populus trichocarpa,angiosperm,NA POPUTR McKown et al. 2013,,,,
,44,-122.92,150,12,1.76,54.9,276.08,49.256067,-123.250025,77,2010,10.1,2.55,North America,Populus trichocarpa,angiosperm,NA POPUTR McKown et al. 2013,,,,
,44.73,-123.08,100,11.4,1.78,55.15,267.73,49.256067,-123.250025,77,2010,10.1,2.55,North America,Populus trichocarpa,angiosperm,NA POPUTR McKown et al. 2013,,,,
,52.93,-121.17,823,3.7,3.48,70.7,188.16,49.256067,-123.250025,77,2010,10.1,2.55,North America,Populus trichocarpa,angiosperm,NA POPUTR McKown et al. 2013,,,,
,51.12,-125.58,30,8.9,3.79,72.17,232.03,49.256067,-123.250025,77,2010,10.1,2.55,North America,Populus trichocarpa,angiosperm,NA POPUTR McKown et al. 2013,,,,
,51.57,-125.5,427,5,2.08,65.87,225.03,49.256067,-123.250025,77,2010,10.1,2.55,North America,Populus trichocarpa,angiosperm,NA POPUTR McKown et al. 2013,,,,
,51.73,-125.57,427,4.9,1.97,69.34,229.24,49.256067,-123.250025,77,2010,10.1,2.55,North America,Populus trichocarpa,angiosperm,NA POPUTR McKown et al. 2013,,,,
,51.3,-125.77,105,6.8,2.88,73.33,225.46,49.256067,-123.250025,77,2010,10.1,2.55,North America,Populus trichocarpa,angiosperm,NA POPUTR McKown et al. 2013,,,,
,54.25,-128.52,122,6.2,3.73,91.87,185.23,49.256067,-123.250025,77,2010,10.1,2.55,North America,Populus trichocarpa,angiosperm,NA POPUTR McKown et al. 2013,,,,
,54.05,-128.68,18,7,4.79,80.83,212.43,49.256067,-123.250025,77,2010,10.1,2.55,North America,Populus trichocarpa,angiosperm,NA POPUTR McKown et al. 2013,,,,
,45.2,-123.08,100,11.3,1.47,66.83,270.4,49.256067,-123.250025,77,2010,10.1,2.55,North America,Populus trichocarpa,angiosperm,NA POPUTR McKown et al. 2013,,,,
,50.62,-123.38,411,6,3.47,68.35,221.83,49.256067,-123.250025,77,2010,10.1,2.55,North America,Populus trichocarpa,angiosperm,NA POPUTR McKown et al. 2013,,,,
,50.55,-123.2,274,5.9,3.13,55.44,232.02,49.256067,-123.250025,77,2010,10.1,2.55,North America,Populus trichocarpa,angiosperm,NA POPUTR McKown et al. 2013,,,,
,50.5,-123,271,6.2,2.09,50.58,238.6,49.256067,-123.250025,77,2010,10.1,2.55,North America,Populus trichocarpa,angiosperm,NA POPUTR McKown et al. 2013,,,,
,50.3,-122.75,222,7.3,2.82,53.7,241.93,49.256067,-123.250025,77,2010,10.1,2.55,North America,Populus trichocarpa,angiosperm,NA POPUTR McKown et al. 2013,,,,
,49.23,-124.07,60,9.8,2.09,67.9,240.05,49.256067,-123.250025,77,2010,10.1,2.55,North America,Populus trichocarpa,angiosperm,NA POPUTR McKown et al. 2013,,,,
,46.08,-123.92,100,10.3,3.1,50.35,268.3,49.256067,-123.250025,77,2010,10.1,2.55,North America,Populus trichocarpa,angiosperm,NA POPUTR McKown et al. 2013,,,,
,51.32,-126.23,275,7.1,7.29,71.77,221.35,49.256067,-123.250025,77,2010,10.1,2.55,North America,Populus trichocarpa,angiosperm,NA POPUTR McKown et al. 2013,,,,
,54.18,-122,579,3.5,3.61,68.7,186.4,49.256067,-123.250025,77,2010,10.1,2.55,North America,Populus trichocarpa,angiosperm,NA POPUTR McKown et al. 2013,,,,
,51.63,-126.68,70,8,5.49,68.58,229.92,49.256067,-123.250025,77,2010,10.1,2.55,North America,Populus trichocarpa,angiosperm,NA POPUTR McKown et al. 2013,,,,
,51.62,-126.58,122,6.5,7.01,77.66,240.42,49.256067,-123.250025,77,2010,10.1,2.55,North America,Populus trichocarpa,angiosperm,NA POPUTR McKown et al. 2013,,,,
,50.22,-125.8,30,8.9,3.51,78.85,235.45,49.256067,-123.250025,77,2010,10.1,2.55,North America,Populus trichocarpa,angiosperm,NA POPUTR McKown et al. 2013,,,,
,49.12,-122.33,8,10.2,3.96,66.3,252.63,49.256067,-123.250025,77,2010,10.1,2.55,North America,Populus trichocarpa,angiosperm,NA POPUTR McKown et al. 2013,,,,
,55.22,-129.13,58,6.1,3.06,60.3,190.77,49.256067,-123.250025,77,2010,10.1,2.55,North America,Populus trichocarpa,angiosperm,NA POPUTR McKown et al. 2013,,,,
,45.58,-122,300,12.2,5.74,52.87,258.1,49.256067,-123.250025,77,2010,10.1,2.55,North America,Populus trichocarpa,angiosperm,NA POPUTR McKown et al. 2013,,,,
,50,-121.57,213,7.7,1.56,64.77,235.13,49.256067,-123.250025,77,2010,10.1,2.55,North America,Populus trichocarpa,angiosperm,NA POPUTR McKown et al. 2013,,,,
,49.97,-121.82,335,6.8,3.25,74.86,230.96,49.256067,-123.250025,77,2010,10.1,2.55,North America,Populus trichocarpa,angiosperm,NA POPUTR McKown et al. 2013,,,,
,50.6,-125.32,5,9.4,7.1,73.56,229.56,49.256067,-123.250025,77,2010,10.1,2.55,North America,Populus trichocarpa,angiosperm,NA POPUTR McKown et al. 2013,,,,
,50.68,-125.25,58,8.2,6.46,77.28,224.34,49.256067,-123.250025,77,2010,10.1,2.55,North America,Populus trichocarpa,angiosperm,NA POPUTR McKown et al. 2013,,,,
,52.95,-122.87,823,3.3,2.9,55.3,194.78,49.256067,-123.250025,77,2010,10.1,2.55,North America,Populus trichocarpa,angiosperm,NA POPUTR McKown et al. 2013,,,,
,53.07,-122.52,472,5.4,2.76,58.92,220.66,49.256067,-123.250025,77,2010,10.1,2.55,North America,Populus trichocarpa,angiosperm,NA POPUTR McKown et al. 2013,,,,
,52.97,-122.32,488,5,2.98,67.63,225.18,49.256067,-123.250025,77,2010,10.1,2.55,North America,Populus trichocarpa,angiosperm,NA POPUTR McKown et al. 2013,,,,
,52.72,-122.47,442,5.6,2.5,54.7,231.58,49.256067,-123.250025,77,2010,10.1,2.55,North America,Populus trichocarpa,angiosperm,NA POPUTR McKown et al. 2013,,,,
,54.03,-122.6,564,4,2.71,60.3,212.92,49.256067,-123.250025,77,2010,10.1,2.55,North America,Populus trichocarpa,angiosperm,NA POPUTR McKown et al. 2013,,,,
,54.77,-128.27,122,5.1,3.19,65.3,177.73,49.256067,-123.250025,77,2010,10.1,2.55,North America,Populus trichocarpa,angiosperm,NA POPUTR McKown et al. 2013,,,,
,54.45,-128.75,61,6,3.09,63.67,214.5,49.256067,-123.250025,77,2010,10.1,2.55,North America,Populus trichocarpa,angiosperm,NA POPUTR McKown et al. 2013,,,,
,54.4,-128.98,43,6,3.83,63.08,171.53,49.256067,-123.250025,77,2010,10.1,2.55,North America,Populus trichocarpa,angiosperm,NA POPUTR McKown et al. 2013,,,,
,54.38,-129.0533333,40.33333333,5.8,5.3,63.57,185.2,49.256067,-123.250025,77,2010,10.1,2.55,North America,Populus trichocarpa,angiosperm,NA POPUTR McKown et al. 2013,,,,
,54.22,-129.53,21,6.3,7.61,67.53,193.77,49.256067,-123.250025,77,2010,10.1,2.55,North America,Populus trichocarpa,angiosperm,NA POPUTR McKown et al. 2013,,,,
,54.55,-128.47,61,5.6,3.28,56.92,204.18,49.256067,-123.250025,77,2010,10.1,2.55,North America,Populus trichocarpa,angiosperm,NA POPUTR McKown et al. 2013,,,,
,50.22,-123.98,61,8.3,5.95,69.6,235.53,49.256067,-123.250025,77,2010,10.1,2.55,North America,Populus trichocarpa,angiosperm,NA POPUTR McKown et al. 2013,,,,
,50.23,-124,115,8.6,6.45,69.33,239.03,49.256067,-123.250025,77,2010,10.1,2.55,North America,Populus trichocarpa,angiosperm,NA POPUTR McKown et al. 2013,,,,
,50.25,-124,152,9.4,7.27,79.03,244.1,49.256067,-123.250025,77,2010,10.1,2.55,North America,Populus trichocarpa,angiosperm,NA POPUTR McKown et al. 2013,,,,
,50.25,-124.02,323,7.6,6.35,71.83,239.33,49.256067,-123.250025,77,2010,10.1,2.55,North America,Populus trichocarpa,angiosperm,NA POPUTR McKown et al. 2013,,,,
,50.22,-123.95,231,8.6,6.83,74.9,233.66,49.256067,-123.250025,77,2010,10.1,2.55,North America,Populus trichocarpa,angiosperm,NA POPUTR McKown et al. 2013,,,,
,50.25,-123.93,244,6.8,6.1,70.9,223.7,49.256067,-123.250025,77,2010,10.1,2.55,North America,Populus trichocarpa,angiosperm,NA POPUTR McKown et al. 2013,,,,
,50.22,-125.82,30,9.3,3.66,84.75,244.28,49.256067,-123.250025,77,2010,10.1,2.55,North America,Populus trichocarpa,angiosperm,NA POPUTR McKown et al. 2013,,,,
,50.27,-125.83,30,8.6,4.16,73.5,239,49.256067,-123.250025,77,2010,10.1,2.55,North America,Populus trichocarpa,angiosperm,NA POPUTR McKown et al. 2013,,,,
,50.28,-125.87,30,8.5,4.15,77.43,255.93,49.256067,-123.250025,77,2010,10.1,2.55,North America,Populus trichocarpa,angiosperm,NA POPUTR McKown et al. 2013,,,,
,49.87,-123.23,61,8.6,4.12,57.2,255.63,49.256067,-123.250025,77,2010,10.1,2.55,North America,Populus trichocarpa,angiosperm,NA POPUTR McKown et al. 2013,,,,
,50.1,-123.37,177,7.1,3.67,60,242.53,49.256067,-123.250025,77,2010,10.1,2.55,North America,Populus trichocarpa,angiosperm,NA POPUTR McKown et al. 2013,,,,
,50.82,-124.48,239,6.9,4.01,68.95,249.53,49.256067,-123.250025,77,2010,10.1,2.55,North America,Populus trichocarpa,angiosperm,NA POPUTR McKown et al. 2013,,,,
,50.88,-124.73,91,7.1,3.48,64.68,230.62,49.256067,-123.250025,77,2010,10.1,2.55,North America,Populus trichocarpa,angiosperm,NA POPUTR McKown et al. 2013,,,,
,58.7,-133.4,49,5.2,4.57,54.03,154.17,49.256067,-123.250025,77,2010,10.1,2.55,North America,Populus trichocarpa,angiosperm,NA POPUTR McKown et al. 2013,,,,
,50.52,-124.23,67,7.9,5.87,65.6,239.3,49.256067,-123.250025,77,2010,10.1,2.55,North America,Populus trichocarpa,angiosperm,NA POPUTR McKown et al. 2013,,,,
,50.57,-124.08,73,7.2,4.57,69.58,235.08,49.256067,-123.250025,77,2010,10.1,2.55,North America,Populus trichocarpa,angiosperm,NA POPUTR McKown et al. 2013,,,,
,56.57,-129.82,640,1.7,3.75,60.1,148.6,49.256067,-123.250025,77,2010,10.1,2.55,North America,Populus trichocarpa,angiosperm,NA POPUTR McKown et al. 2013,,,,
,49.15,-122.1,20,10,4.27,54.6,253.03,49.256067,-123.250025,77,2010,10.1,2.55,North America,Populus trichocarpa,angiosperm,NA POPUTR McKown et al. 2013,,,,
,49.67,-121.42,91,8,2.37,63.42,235.3,49.256067,-123.250025,77,2010,10.1,2.55,North America,Populus trichocarpa,angiosperm,NA POPUTR McKown et al. 2013,,,,
,50.13,-126.05,213,8.5,4.36,83.95,237.95,49.256067,-123.250025,77,2010,10.1,2.55,North America,Populus trichocarpa,angiosperm,NA POPUTR McKown et al. 2013,,,,
,53.92,-122.28,640,3.7,3.09,78.35,212.95,49.256067,-123.250025,77,2010,10.1,2.55,North America,Populus trichocarpa,angiosperm,NA POPUTR McKown et al. 2013,,,,
,49.57,-121.47,549,6.9,5.14,64.88,259.78,49.256067,-123.250025,77,2010,10.1,2.55,North America,Populus trichocarpa,angiosperm,NA POPUTR McKown et al. 2013,,,,
,49.57,-121.4,61,8.8,4.74,60.6,239.4,49.256067,-123.250025,77,2010,10.1,2.55,North America,Populus trichocarpa,angiosperm,NA POPUTR McKown et al. 2013,,,,
,49.42,-115.33,1050,4.6,2.68,90.2,N.A.,43.783333,18.966667,650,2002,8.816666667,8.658333,North America,Pseudotsuga menziesii,gymnosperm,NG PSEUME Lavadinovic etal 2013,,,,
,49.83,-118.17,671,5.9,2.7,70.5,N.A.,43.783333,18.966667,650,2002,8.816666667,8.658333,North America,Pseudotsuga menziesii,gymnosperm,NG PSEUME Lavadinovic etal 2013,,,,
,51.58,-120.17,600,5.4,2.17,76.2,N.A.,43.783333,18.966667,650,2002,8.816666667,8.658333,North America,Pseudotsuga menziesii,gymnosperm,NG PSEUME Lavadinovic etal 2013,,,,
,50.93,-116.58,1070,3,2.42,88,N.A.,43.783333,18.966667,650,2002,8.816666667,8.658333,North America,Pseudotsuga menziesii,gymnosperm,NG PSEUME Lavadinovic etal 2013,,,,
,50.97,-116.53,975,3.7,2.29,83.4,N.A.,43.783333,18.966667,650,2002,8.816666667,8.658333,North America,Pseudotsuga menziesii,gymnosperm,NG PSEUME Lavadinovic etal 2013,,,,
,49.67,-119.87,884,5.9,1.67,80.9,N.A.,43.783333,18.966667,650,2002,8.816666667,8.658333,North America,Pseudotsuga menziesii,gymnosperm,NG PSEUME Lavadinovic etal 2013,,,,
,49.9,-119.62,1035,4.8,1.78,87.1,N.A.,43.783333,18.966667,650,2002,8.816666667,8.658333,North America,Pseudotsuga menziesii,gymnosperm,NG PSEUME Lavadinovic etal 2013,,,,
,49.25,-117.5,793,5.7,2.78,73.8,N.A.,43.783333,18.966667,650,2002,8.816666667,8.658333,North America,Pseudotsuga menziesii,gymnosperm,NG PSEUME Lavadinovic etal 2013,,,,
,50.8,-119,488,5.8,2.57,71.2,N.A.,43.783333,18.966667,650,2002,8.816666667,8.658333,North America,Pseudotsuga menziesii,gymnosperm,NG PSEUME Lavadinovic etal 2013,,,,
,50.62,-119.87,701,6,1.89,78.3,N.A.,43.783333,18.966667,650,2002,8.816666667,8.658333,North America,Pseudotsuga menziesii,gymnosperm,NG PSEUME Lavadinovic etal 2013,,,,
,49.17,-117.25,1000,4.8,3.32,86.2,N.A.,43.783333,18.966667,650,2002,8.816666667,8.658333,North America,Pseudotsuga menziesii,gymnosperm,NG PSEUME Lavadinovic etal 2013,,,,
,50.63,-118.82,900,4.8,3,82.7,N.A.,43.783333,18.966667,650,2002,8.816666667,8.658333,North America,Pseudotsuga menziesii,gymnosperm,NG PSEUME Lavadinovic etal 2013,,,,
,49.2,-117.42,933,5,3.21,81.9,N.A.,43.783333,18.966667,650,2002,8.816666667,8.658333,North America,Pseudotsuga menziesii,gymnosperm,NG PSEUME Lavadinovic etal 2013,,,,
,50.13,-115.87,1000,4,2.01,86,N.A.,43.783333,18.966667,650,2002,8.816666667,8.658333,North America,Pseudotsuga menziesii,gymnosperm,NG PSEUME Lavadinovic etal 2013,,,,
,49.42,-115.33,1050,4.6,2.68,119.9,N.A.,43.783333,18.966667,650,2003,8.816666667,8.658333,North America,Pseudotsuga menziesii,gymnosperm,NG PSEUME Lavadinovic etal 2013,,,,
,49.83,-118.17,671,5.9,2.7,110.9,N.A.,43.783333,18.966667,650,2003,8.816666667,8.658333,North America,Pseudotsuga menziesii,gymnosperm,NG PSEUME Lavadinovic etal 2013,,,,
,51.58,-120.17,600,5.4,2.17,112,N.A.,43.783333,18.966667,650,2003,8.816666667,8.658333,North America,Pseudotsuga menziesii,gymnosperm,NG PSEUME Lavadinovic etal 2013,,,,
,50.93,-116.58,1070,3,2.42,121.2,N.A.,43.783333,18.966667,650,2003,8.816666667,8.658333,North America,Pseudotsuga menziesii,gymnosperm,NG PSEUME Lavadinovic etal 2013,,,,
,50.97,-116.53,975,3.7,2.29,113.2,N.A.,43.783333,18.966667,650,2003,8.816666667,8.658333,North America,Pseudotsuga menziesii,gymnosperm,NG PSEUME Lavadinovic etal 2013,,,,
,49.67,-119.87,884,5.9,1.67,113,N.A.,43.783333,18.966667,650,2003,8.816666667,8.658333,North America,Pseudotsuga menziesii,gymnosperm,NG PSEUME Lavadinovic etal 2013,,,,
,49.9,-119.62,1035,4.8,1.78,120.1,N.A.,43.783333,18.966667,650,2003,8.816666667,8.658333,North America,Pseudotsuga menziesii,gymnosperm,NG PSEUME Lavadinovic etal 2013,,,,
,49.25,-117.5,793,5.7,2.78,112.3,N.A.,43.783333,18.966667,650,2003,8.816666667,8.658333,North America,Pseudotsuga menziesii,gymnosperm,NG PSEUME Lavadinovic etal 2013,,,,
,50.8,-119,488,5.8,2.57,110.2,N.A.,43.783333,18.966667,650,2003,8.816666667,8.658333,North America,Pseudotsuga menziesii,gymnosperm,NG PSEUME Lavadinovic etal 2013,,,,
,50.62,-119.87,701,6,1.89,116,N.A.,43.783333,18.966667,650,2003,8.816666667,8.658333,North America,Pseudotsuga menziesii,gymnosperm,NG PSEUME Lavadinovic etal 2013,,,,
,49.17,-117.25,1000,4.8,3.32,119.2,N.A.,43.783333,18.966667,650,2003,8.816666667,8.658333,North America,Pseudotsuga menziesii,gymnosperm,NG PSEUME Lavadinovic etal 2013,,,,
,50.63,-118.82,900,4.8,3,116.6,N.A.,43.783333,18.966667,650,2003,8.816666667,8.658333,North America,Pseudotsuga menziesii,gymnosperm,NG PSEUME Lavadinovic etal 2013,,,,
,49.2,-117.42,933,5,3.21,115.1,N.A.,43.783333,18.966667,650,2003,8.816666667,8.658333,North America,Pseudotsuga menziesii,gymnosperm,NG PSEUME Lavadinovic etal 2013,,,,
,50.13,-115.87,1000,4,2.01,119.3,N.A.,43.783333,18.966667,650,2003,8.816666667,8.658333,North America,Pseudotsuga menziesii,gymnosperm,NG PSEUME Lavadinovic etal 2013,,,,
,49.42,-115.33,1050,4.6,2.68,120.1,N.A.,43.783333,18.966667,650,2004,8.816666667,8.658333,North America,Pseudotsuga menziesii,gymnosperm,NG PSEUME Lavadinovic etal 2013,,,,
,49.83,-118.17,671,5.9,2.7,106.1,N.A.,43.783333,18.966667,650,2004,8.816666667,8.658333,North America,Pseudotsuga menziesii,gymnosperm,NG PSEUME Lavadinovic etal 2013,,,,
,51.58,-120.17,600,5.4,2.17,110.5,N.A.,43.783333,18.966667,650,2004,8.816666667,8.658333,North America,Pseudotsuga menziesii,gymnosperm,NG PSEUME Lavadinovic etal 2013,,,,
,50.93,-116.58,1070,3,2.42,117.2,N.A.,43.783333,18.966667,650,2004,8.816666667,8.658333,North America,Pseudotsuga menziesii,gymnosperm,NG PSEUME Lavadinovic etal 2013,,,,
,50.97,-116.53,975,3.7,2.29,109.1,N.A.,43.783333,18.966667,650,2004,8.816666667,8.658333,North America,Pseudotsuga menziesii,gymnosperm,NG PSEUME Lavadinovic etal 2013,,,,
,49.67,-119.87,884,5.9,1.67,111.4,N.A.,43.783333,18.966667,650,2004,8.816666667,8.658333,North America,Pseudotsuga menziesii,gymnosperm,NG PSEUME Lavadinovic etal 2013,,,,
,49.9,-119.62,1035,4.8,1.78,119,N.A.,43.783333,18.966667,650,2004,8.816666667,8.658333,North America,Pseudotsuga menziesii,gymnosperm,NG PSEUME Lavadinovic etal 2013,,,,
,49.25,-117.5,793,5.7,2.78,107.2,N.A.,43.783333,18.966667,650,2004,8.816666667,8.658333,North America,Pseudotsuga menziesii,gymnosperm,NG PSEUME Lavadinovic etal 2013,,,,
,50.8,-119,488,5.8,2.57,108.2,N.A.,43.783333,18.966667,650,2004,8.816666667,8.658333,North America,Pseudotsuga menziesii,gymnosperm,NG PSEUME Lavadinovic etal 2013,,,,
,50.62,-119.87,701,6,1.89,116.1,N.A.,43.783333,18.966667,650,2004,8.816666667,8.658333,North America,Pseudotsuga menziesii,gymnosperm,NG PSEUME Lavadinovic etal 2013,,,,
,49.17,-117.25,1000,4.8,3.32,121.3,N.A.,43.783333,18.966667,650,2004,8.816666667,8.658333,North America,Pseudotsuga menziesii,gymnosperm,NG PSEUME Lavadinovic etal 2013,,,,
,50.63,-118.82,900,4.8,3,113.3,N.A.,43.783333,18.966667,650,2004,8.816666667,8.658333,North America,Pseudotsuga menziesii,gymnosperm,NG PSEUME Lavadinovic etal 2013,,,,
,49.2,-117.42,933,5,3.21,114,N.A.,43.783333,18.966667,650,2004,8.816666667,8.658333,North America,Pseudotsuga menziesii,gymnosperm,NG PSEUME Lavadinovic etal 2013,,,,
,50.13,-115.87,1000,4,2.01,119.2,N.A.,43.783333,18.966667,650,2004,8.816666667,8.658333,North America,Pseudotsuga menziesii,gymnosperm,NG PSEUME Lavadinovic etal 2013,,,,
,49.42,-115.33,1050,4.6,2.68,120.3,N.A.,43.783333,18.966667,650,2005,8.816666667,8.658333,North America,Pseudotsuga menziesii,gymnosperm,NG PSEUME Lavadinovic etal 2013,,,,
,49.83,-118.17,671,5.9,2.7,111.8,N.A.,43.783333,18.966667,650,2005,8.816666667,8.658333,North America,Pseudotsuga menziesii,gymnosperm,NG PSEUME Lavadinovic etal 2013,,,,
,51.58,-120.17,600,5.4,2.17,112.6,N.A.,43.783333,18.966667,650,2005,8.816666667,8.658333,North America,Pseudotsuga menziesii,gymnosperm,NG PSEUME Lavadinovic etal 2013,,,,
,50.93,-116.58,1070,3,2.42,121.5,N.A.,43.783333,18.966667,650,2005,8.816666667,8.658333,North America,Pseudotsuga menziesii,gymnosperm,NG PSEUME Lavadinovic etal 2013,,,,
,50.97,-116.53,975,3.7,2.29,114.1,N.A.,43.783333,18.966667,650,2005,8.816666667,8.658333,North America,Pseudotsuga menziesii,gymnosperm,NG PSEUME Lavadinovic etal 2013,,,,
,49.67,-119.87,884,5.9,1.67,114.9,N.A.,43.783333,18.966667,650,2005,8.816666667,8.658333,North America,Pseudotsuga menziesii,gymnosperm,NG PSEUME Lavadinovic etal 2013,,,,
,49.9,-119.62,1035,4.8,1.78,120.6,N.A.,43.783333,18.966667,650,2005,8.816666667,8.658333,North America,Pseudotsuga menziesii,gymnosperm,NG PSEUME Lavadinovic etal 2013,,,,
,49.25,-117.5,793,5.7,2.78,113.2,N.A.,43.783333,18.966667,650,2005,8.816666667,8.658333,North America,Pseudotsuga menziesii,gymnosperm,NG PSEUME Lavadinovic etal 2013,,,,
,50.8,-119,488,5.8,2.57,111,N.A.,43.783333,18.966667,650,2005,8.816666667,8.658333,North America,Pseudotsuga menziesii,gymnosperm,NG PSEUME Lavadinovic etal 2013,,,,
,50.62,-119.87,701,6,1.89,117.1,N.A.,43.783333,18.966667,650,2005,8.816666667,8.658333,North America,Pseudotsuga menziesii,gymnosperm,NG PSEUME Lavadinovic etal 2013,,,,
,49.17,-117.25,1000,4.8,3.32,120,N.A.,43.783333,18.966667,650,2005,8.816666667,8.658333,North America,Pseudotsuga menziesii,gymnosperm,NG PSEUME Lavadinovic etal 2013,,,,
,50.63,-118.82,900,4.8,3,116.9,N.A.,43.783333,18.966667,650,2005,8.816666667,8.658333,North America,Pseudotsuga menziesii,gymnosperm,NG PSEUME Lavadinovic etal 2013,,,,
,49.2,-117.42,933,5,3.21,116.9,N.A.,43.783333,18.966667,650,2005,8.816666667,8.658333,North America,Pseudotsuga menziesii,gymnosperm,NG PSEUME Lavadinovic etal 2013,,,,
,50.13,-115.87,1000,4,2.01,119.5,N.A.,43.783333,18.966667,650,2005,8.816666667,8.658333,North America,Pseudotsuga menziesii,gymnosperm,NG PSEUME Lavadinovic etal 2013,,,,
,43.7,-123,750,10.4,2.7,145.6,N.A.,43.783333,18.966667,650,N.A,8.816666667,8.658333,North America,Pseudotsuga menziesii,gymnosperm,NG PSEUME Lavadinovic etal 2018,,,,
,43.8,-122.5,1200,9.3,2.73,143.3,N.A.,43.783333,18.966667,650,N.A,8.816666667,8.658333,North America,Pseudotsuga menziesii,gymnosperm,NG PSEUME Lavadinovic etal 2018,,,,
,45,-122.4,450,8.6,3.42,146.8,N.A.,43.783333,18.966667,650,N.A,8.816666667,8.658333,North America,Pseudotsuga menziesii,gymnosperm,NG PSEUME Lavadinovic etal 2018,,,,
,45,-121,600,10,0.83,146.5,N.A.,43.783333,18.966667,650,N.A,8.816666667,8.658333,North America,Pseudotsuga menziesii,gymnosperm,NG PSEUME Lavadinovic etal 2018,,,,
,49,-119,1200,4.8,1.85,146.6,N.A.,43.783333,18.966667,650,N.A,8.816666667,8.658333,North America,Pseudotsuga menziesii,gymnosperm,NG PSEUME Lavadinovic etal 2018,,,,
,43.8,-122.5,1060,9.7,2.63,147.7,N.A.,43.783333,18.966667,650,N.A,8.816666667,8.658333,North America,Pseudotsuga menziesii,gymnosperm,NG PSEUME Lavadinovic etal 2018,,,,
,44.2,-122.2,600,9.8,2.87,142.8,N.A.,43.783333,18.966667,650,N.A,8.816666667,8.658333,North America,Pseudotsuga menziesii,gymnosperm,NG PSEUME Lavadinovic etal 2018,,,,
,42.5,-122.5,1200,8.5,1.78,144.8,N.A.,43.783333,18.966667,650,N.A,8.816666667,8.658333,North America,Pseudotsuga menziesii,gymnosperm,NG PSEUME Lavadinovic etal 2018,,,,
,47.6,-121.7,600,7.7,5.8,149.2,N.A.,43.783333,18.966667,650,N.A,8.816666667,8.658333,North America,Pseudotsuga menziesii,gymnosperm,NG PSEUME Lavadinovic etal 2018,,,,
,44.5,-119,1350,7.3,1.51,148.7,N.A.,43.783333,18.966667,650,N.A,8.816666667,8.658333,North America,Pseudotsuga menziesii,gymnosperm,NG PSEUME Lavadinovic etal 2018,,,,
,49,-120,750,3.8,1.48,136.6,N.A.,43.783333,18.966667,650,N.A,8.816666667,8.658333,North America,Pseudotsuga menziesii,gymnosperm,NG PSEUME Lavadinovic etal 2018,,,,
,45.3,-123.8,300,9.4,4.16,147,N.A.,43.783333,18.966667,650,N.A,8.816666667,8.658333,North America,Pseudotsuga menziesii,gymnosperm,NG PSEUME Lavadinovic etal 2018,,,,
,45,-123,150,11.2,1.84,150,N.A.,43.783333,18.966667,650,N.A,8.816666667,8.658333,North America,Pseudotsuga menziesii,gymnosperm,NG PSEUME Lavadinovic etal 2018,,,,
,32.9,-105.7,2682,7.2,4.38,141.9,N.A.,43.783333,18.966667,650,N.A,8.816666667,8.658333,North America,Pseudotsuga menziesii,gymnosperm,NG PSEUME Lavadinovic etal 2018,,,,
,36,-106,2667,7.7,2.41,139.7,N.A.,43.783333,18.966667,650,N.A,8.816666667,8.658333,North America,Pseudotsuga menziesii,gymnosperm,NG PSEUME Lavadinovic etal 2018,,,,
,44.3,-118.8,1500,5.9,1.54,147,N.A.,43.783333,18.966667,650,N.A,8.816666667,8.658333,North America,Pseudotsuga menziesii,gymnosperm,NG PSEUME Lavadinovic etal 2018,,,,
,42.6,-122.8,900,10.5,1.38,143.3,N.A.,43.783333,18.966667,650,N.A,8.816666667,8.658333,North America,Pseudotsuga menziesii,gymnosperm,NG PSEUME Lavadinovic etal 2018,,,,
,42.7,-122.5,1050,9.2,1.88,144.6,N.A.,43.783333,18.966667,650,N.A,8.816666667,8.658333,North America,Pseudotsuga menziesii,gymnosperm,NG PSEUME Lavadinovic etal 2018,,,,
,45,-121.5,900,7.3,0.95,147.3,N.A.,43.783333,18.966667,650,N.A,8.816666667,8.658333,North America,Pseudotsuga menziesii,gymnosperm,NG PSEUME Lavadinovic etal 2018,,,,
,47.7,-123,300,9.4,2.63,155.1,N.A.,43.783333,18.966667,650,N.A,8.816666667,8.658333,North America,Pseudotsuga menziesii,gymnosperm,NG PSEUME Lavadinovic etal 2018,,,,
,48.25,-121.583333,167.6405056,10.5,3.64,116,N.A.,-42.516,172.639,490,1961,9.491666667,8.25,North America,Pseudotsuga menziesii,gymnosperm,NG PSEUME Sweet 1965,,,,
,45.8,-121.933333,335.2810112,10,2.99,101,N.A.,-42.516,172.639,490,1961,9.491666667,8.25,North America,Pseudotsuga menziesii,gymnosperm,NG PSEUME Sweet 1965,,,,
,44.466667,-123.5,396.2411951,10.6,2.34,103,N.A.,-42.516,172.639,490,1961,9.491666667,8.25,North America,Pseudotsuga menziesii,gymnosperm,NG PSEUME Sweet 1965,,,,
,44.1,-123.75,76.20022982,12.8,2.65,110,N.A.,-42.516,172.639,490,1961,9.491666667,8.25,North America,Pseudotsuga menziesii,gymnosperm,NG PSEUME Sweet 1965,,,,
,42.9,-122.433333,1021.08308,6.9,1.79,100,N.A.,-42.516,172.639,490,1961,9.491666667,8.25,North America,Pseudotsuga menziesii,gymnosperm,NG PSEUME Sweet 1965,,,,
,42.9,-123.25,304.8009193,12.5,1.56,104,N.A.,-42.516,172.639,490,1961,9.491666667,8.25,North America,Pseudotsuga menziesii,gymnosperm,NG PSEUME Sweet 1965,,,,
,43.05,-123.85,152.4004596,12.8,2.37,108,N.A.,-42.516,172.639,490,1961,9.491666667,8.25,North America,Pseudotsuga menziesii,gymnosperm,NG PSEUME Sweet 1965,,,,
,43.033333,-124.416667,15.24004596,11.4,2.14,106,N.A.,-42.516,172.639,490,1961,9.491666667,8.25,North America,Pseudotsuga menziesii,gymnosperm,NG PSEUME Sweet 1965,,,,
,41.8,-124.066667,91.44027578,12,2.3,106,N.A.,-42.516,172.639,490,1961,9.491666667,8.25,North America,Pseudotsuga menziesii,gymnosperm,NG PSEUME Sweet 1965,,,,
,41.883333,-122.2,1371.604137,6.5,1.19,109,N.A.,-42.516,172.639,490,1961,9.491666667,8.25,North America,Pseudotsuga menziesii,gymnosperm,NG PSEUME Sweet 1965,,,,
,40.983333,-122.433333,487.6814708,14.4,1.49,95,N.A.,-42.516,172.639,490,1961,9.491666667,8.25,North America,Pseudotsuga menziesii,gymnosperm,NG PSEUME Sweet 1965,,,,
,40.95,-123.65,182.8805516,14,1.15,105,N.A.,-42.516,172.639,490,1961,9.491666667,8.25,North America,Pseudotsuga menziesii,gymnosperm,NG PSEUME Sweet 1965,,,,
,40.916667,-123.8,487.6814708,12.2,1.24,113,N.A.,-42.516,172.639,490,1961,9.491666667,8.25,North America,Pseudotsuga menziesii,gymnosperm,NG PSEUME Sweet 1965,,,,
,40.916667,-123.916667,213.3606435,11,1.24,106,N.A.,-42.516,172.639,490,1961,9.491666667,8.25,North America,Pseudotsuga menziesii,gymnosperm,NG PSEUME Sweet 1965,,,,
,40.233333,-123.866667,518.1615628,11.7,0.97,96,N.A.,-42.516,172.639,490,1961,9.491666667,8.25,North America,Pseudotsuga menziesii,gymnosperm,NG PSEUME Sweet 1965,,,,
,39.6,-123.8,152.4004596,11.4,0.74,103,N.A.,-42.516,172.639,490,1961,9.491666667,8.25,North America,Pseudotsuga menziesii,gymnosperm,NG PSEUME Sweet 1965,,,,
,39.833333,-123.05,762.0022982,13.4,0.87,102,N.A.,-42.516,172.639,490,1961,9.491666667,8.25,North America,Pseudotsuga menziesii,gymnosperm,NG PSEUME Sweet 1965,,,,
,39.85,-123.6,762.0022982,11.6,1.23,101,N.A.,-42.516,172.639,490,1961,9.491666667,8.25,North America,Pseudotsuga menziesii,gymnosperm,NG PSEUME Sweet 1965,,,,
,39.35,-123.716667,152.4004596,11.8,0.74,113,N.A.,-42.516,172.639,490,1961,9.491666667,8.25,North America,Pseudotsuga menziesii,gymnosperm,NG PSEUME Sweet 1965,,,,
,38.75,-120.75,914.4027578,14,0.73,87,N.A.,-42.516,172.639,490,1961,9.491666667,8.25,North America,Pseudotsuga menziesii,gymnosperm,NG PSEUME Sweet 1965,,,,
,38.766667,-122.683333,457.2013789,14.7,0.47,93,N.A.,-42.516,172.639,490,1961,9.491666667,8.25,North America,Pseudotsuga menziesii,gymnosperm,NG PSEUME Sweet 1965,,,,
,38.65,-123.366667,152.4004596,12,0.51,111,N.A.,-42.516,172.639,490,1961,9.491666667,8.25,North America,Pseudotsuga menziesii,gymnosperm,NG PSEUME Sweet 1965,,,,
,37.083333,-122.25,304.8009193,13.1,0.36,101,N.A.,-42.516,172.639,490,1961,9.491666667,8.25,North America,Pseudotsuga menziesii,gymnosperm,NG PSEUME Sweet 1965,,,,
,38.63333333,-123.23,200,13.7,0.58,,280,44.5657,-123.276,70,1978,11.3,1.47,North America,Tsuga heterophylla,gymnosperm,NG TSUGHE Kuser 1980,,,,
,40.95,-123.64,700,13,1.31,,274,44.5657,-123.276,70,1978,11.3,1.47,North America,Tsuga heterophylla,gymnosperm,NG TSUGHE Kuser 1980,,,,
,43.5,-124,500,10.2,2.86,,259,44.5657,-123.276,70,1978,11.3,1.47,North America,Tsuga heterophylla,gymnosperm,NG TSUGHE Kuser 1980,,,,
,44.5,-123.5,700,10.1,2.43,125,254,44.5657,-123.276,70,1978,11.3,1.47,North America,Tsuga heterophylla,gymnosperm,NG TSUGHE Kuser 1980,,,,
,45.43333333,-123.8,200,9.7,3.98,,253,44.5657,-123.276,70,1978,11.3,1.47,North America,Tsuga heterophylla,gymnosperm,NG TSUGHE Kuser 1980,,,,
,46.03333333,-122.35,500,9.1,4.71,123,246,44.5657,-123.276,70,1978,11.3,1.47,North America,Tsuga heterophylla,gymnosperm,NG TSUGHE Kuser 1980,,,,
,46.91666667,-123.72,100,9.8,3.93,121,248,44.5657,-123.276,70,1978,11.3,1.47,North America,Tsuga heterophylla,gymnosperm,NG TSUGHE Kuser 1980,,,,
,47.58333333,-121.75,200,9.4,3.4,,247,44.5657,-123.276,70,1978,11.3,1.47,North America,Tsuga heterophylla,gymnosperm,NG TSUGHE Kuser 1980,,,,
,48.36666667,-124.63,100,8.8,4.68,124,241,44.5657,-123.276,70,1978,11.3,1.47,North America,Tsuga heterophylla,gymnosperm,NG TSUGHE Kuser 1980,,,,
,49.75,-126.45,400,7.5,7.94,118,236,44.5657,-123.276,70,1978,11.3,1.47,North America,Tsuga heterophylla,gymnosperm,NG TSUGHE Kuser 1980,,,,
,50.4,-127.73,100,8.4,7.76,117,233,44.5657,-123.276,70,1978,11.3,1.47,North America,Tsuga heterophylla,gymnosperm,NG TSUGHE Kuser 1980,,,,
,52.93333333,-132,300,6.1,8.79,112,228,44.5657,-123.276,70,1978,11.3,1.47,North America,Tsuga heterophylla,gymnosperm,NG TSUGHE Kuser 1980,,,,
,55.91666667,-133.2,100,6,7.27,107,209,44.5657,-123.276,70,1978,11.3,1.47,North America,Tsuga heterophylla,gymnosperm,NG TSUGHE Kuser 1980,,,,
,58.38333333,-134.64,100,4.4,7.28,106,205,44.5657,-123.276,70,1978,11.3,1.47,North America,Tsuga heterophylla,gymnosperm,NG TSUGHE Kuser 1980,,,,
,45.16666667,-122.1,1300,6.6,3.72,112,229,44.5657,-123.276,70,1978,11.3,1.47,North America,Tsuga heterophylla,gymnosperm,NG TSUGHE Kuser 1980,,,,
,46.36666667,-122,900,6.5,3.47,118,239,44.5657,-123.276,70,1978,11.3,1.47,North America,Tsuga heterophylla,gymnosperm,NG TSUGHE Kuser 1980,,,,
,48.35,-116.93,700,7.1,2.19,107,221,44.5657,-123.276,70,1978,11.3,1.47,North America,Tsuga heterophylla,gymnosperm,NG TSUGHE Kuser 1980,,,,
,48.35,-116.93,1400,4.8,2.74,96,204,44.5657,-123.276,70,1978,11.3,1.47,North America,Tsuga heterophylla,gymnosperm,NG TSUGHE Kuser 1980,,,,
,49.13333333,-116.8,1400,3.3,4.08,90,215,44.5657,-123.276,70,1978,11.3,1.47,North America,Tsuga heterophylla,gymnosperm,NG TSUGHE Kuser 1980,,,,
,57.484,-3.17,102,6.383333333,8.3524,146.509,N.A.,51.9,-3.8,215,2013,9.175,14.80833333,Europe,Fraxinus excelsior,angiosperm,EA FRAXEX Rosique-Esplugas 2021,,,,
,57.426,-5.591,78,7.533333333,26.235,151.846,N.A.,51.9,-3.8,215,2013,9.175,14.80833333,Europe,Fraxinus excelsior,angiosperm,EA FRAXEX Rosique-Esplugas 2021,,,,
,57.368,-4.345,56,5.016666667,8.5279,145.296,N.A.,51.9,-3.8,215,2013,9.175,14.80833333,Europe,Fraxinus excelsior,angiosperm,EA FRAXEX Rosique-Esplugas 2021,,,,
,57.176,-5.751,18,7.866666667,20.414,147.965,N.A.,51.9,-3.8,215,2013,9.175,14.80833333,Europe,Fraxinus excelsior,angiosperm,EA FRAXEX Rosique-Esplugas 2021,,,,
,56.623,-3.258,152,7.85,7.8769,149.178,N.A.,51.9,-3.8,215,2013,9.175,14.80833333,Europe,Fraxinus excelsior,angiosperm,EA FRAXEX Rosique-Esplugas 2021,,,,
,56.602,-4.248,183,5.9166667,17.786,150.876,N.A.,51.9,-3.8,215,2013,9.175,14.80833333,Europe,Fraxinus excelsior,angiosperm,EA FRAXEX Rosique-Esplugas 2021,,,,
,56.579,-4.037,142,6.45833333,13.584,149.259,N.A.,51.9,-3.8,215,2013,9.175,14.80833333,Europe,Fraxinus excelsior,angiosperm,EA FRAXEX Rosique-Esplugas 2021,,,,
,56.574,-5.232,33,7.075,25.053,148.854,N.A.,51.9,-3.8,215,2013,9.175,14.80833333,Europe,Fraxinus excelsior,angiosperm,EA FRAXEX Rosique-Esplugas 2021,,,,
,56.56,-5.741,20,7.6,21.45,150.957,N.A.,51.9,-3.8,215,2013,9.175,14.80833333,Europe,Fraxinus excelsior,angiosperm,EA FRAXEX Rosique-Esplugas 2021,,,,
,56.53,-6.208,71,8.125,17.411,151.442,N.A.,51.9,-3.8,215,2013,9.175,14.80833333,Europe,Fraxinus excelsior,angiosperm,EA FRAXEX Rosique-Esplugas 2021,,,,
,56.3,-3.573,119,7.608333333,13.182,150.714,N.A.,51.9,-3.8,215,2013,9.175,14.80833333,Europe,Fraxinus excelsior,angiosperm,EA FRAXEX Rosique-Esplugas 2021,,,,
,56.106,-5.42,30,8.158333333,17.711,146.348,N.A.,51.9,-3.8,215,2013,9.175,14.80833333,Europe,Fraxinus excelsior,angiosperm,EA FRAXEX Rosique-Esplugas 2021,,,,
,55.911,-4.825,107,7.85,17.677,147.965,N.A.,51.9,-3.8,215,2013,9.175,14.80833333,Europe,Fraxinus excelsior,angiosperm,EA FRAXEX Rosique-Esplugas 2021,,,,
,55.68,-3.913,159,6.933333333,10.562,149.744,N.A.,51.9,-3.8,215,2013,9.175,14.80833333,Europe,Fraxinus excelsior,angiosperm,EA FRAXEX Rosique-Esplugas 2021,,,,
,55.588,-2.662,68,7.9,7.1221,148.693,N.A.,51.9,-3.8,215,2013,9.175,14.80833333,Europe,Fraxinus excelsior,angiosperm,EA FRAXEX Rosique-Esplugas 2021,,,,
,55.381,-3.929,162,7.158333333,12.709,149.663,N.A.,51.9,-3.8,215,2013,9.175,14.80833333,Europe,Fraxinus excelsior,angiosperm,EA FRAXEX Rosique-Esplugas 2021,,,,
,55.32,-3.829,141,7.441666667,14.551,151.442,N.A.,51.9,-3.8,215,2013,9.175,14.80833333,Europe,Fraxinus excelsior,angiosperm,EA FRAXEX Rosique-Esplugas 2021,,,,
,55.235,-3.853,90,8.03333,12.943,149.016,N.A.,51.9,-3.8,215,2013,9.175,14.80833333,Europe,Fraxinus excelsior,angiosperm,EA FRAXEX Rosique-Esplugas 2021,,,,
,55.088,-2.222,90,7.866666667,8.2579,155,N.A.,51.9,-3.8,215,2013,9.175,14.80833333,Europe,Fraxinus excelsior,angiosperm,EA FRAXEX Rosique-Esplugas 2021,,,,
,54.743,-1.352,102,8.891666667,7.0849,149.744,N.A.,51.9,-3.8,215,2013,9.175,14.80833333,Europe,Fraxinus excelsior,angiosperm,EA FRAXEX Rosique-Esplugas 2021,,,,
,54.274,-0.49,52,8.825,7.7292,146.105,N.A.,51.9,-3.8,215,2013,9.175,14.80833333,Europe,Fraxinus excelsior,angiosperm,EA FRAXEX Rosique-Esplugas 2021,,,,
,54.264,-2.87,79,8.716666667,14.735,148.288,N.A.,51.9,-3.8,215,2013,9.175,14.80833333,Europe,Fraxinus excelsior,angiosperm,EA FRAXEX Rosique-Esplugas 2021,,,,
,54.262,-1.133,142,8.175,8.6285,149.34,N.A.,51.9,-3.8,215,2013,9.175,14.80833333,Europe,Fraxinus excelsior,angiosperm,EA FRAXEX Rosique-Esplugas 2021,,,,
,54.203,-2.104,202,7.25,16.194,145.943,N.A.,51.9,-3.8,215,2013,9.175,14.80833333,Europe,Fraxinus excelsior,angiosperm,EA FRAXEX Rosique-Esplugas 2021,,,,
,54.182,-2.689,170,7.933333333,12.08,149.097,N.A.,51.9,-3.8,215,2013,9.175,14.80833333,Europe,Fraxinus excelsior,angiosperm,EA FRAXEX Rosique-Esplugas 2021,,,,
,53.308,-0.861,54,9.266666667,6.1642,146.348,N.A.,51.9,-3.8,215,2013,9.175,14.80833333,Europe,Fraxinus excelsior,angiosperm,EA FRAXEX Rosique-Esplugas 2021,,,,
,53.104,-1.619,239,8.616666667,9.8075,148.127,N.A.,51.9,-3.8,215,2013,9.175,14.80833333,Europe,Fraxinus excelsior,angiosperm,EA FRAXEX Rosique-Esplugas 2021,,,,
,53.079,-3.799,57,7.091666667,18.995,144.569,N.A.,51.9,-3.8,215,2013,9.175,14.80833333,Europe,Fraxinus excelsior,angiosperm,EA FRAXEX Rosique-Esplugas 2021,,,,
,52.852,-1.82,142,9.35,7.2146,145.054,N.A.,51.9,-3.8,215,2013,9.175,14.80833333,Europe,Fraxinus excelsior,angiosperm,EA FRAXEX Rosique-Esplugas 2021,,,,
,52.621,-2.523,99,9.116666667,7.1433,145.216,N.A.,51.9,-3.8,215,2013,9.175,14.80833333,Europe,Fraxinus excelsior,angiosperm,EA FRAXEX Rosique-Esplugas 2021,,,,
,52.43,-4.059,90,8.4,10.512,145.782,N.A.,51.9,-3.8,215,2013,9.175,14.80833333,Europe,Fraxinus excelsior,angiosperm,EA FRAXEX Rosique-Esplugas 2021,,,,
,52.166,0.415,96,9.45,6.2385,146.995,N.A.,51.9,-3.8,215,2013,9.175,14.80833333,Europe,Fraxinus excelsior,angiosperm,EA FRAXEX Rosique-Esplugas 2021,,,,
,52.158,-0.11,79,9.533333333,5.6216,145.539,N.A.,51.9,-3.8,215,2013,9.175,14.80833333,Europe,Fraxinus excelsior,angiosperm,EA FRAXEX Rosique-Esplugas 2021,,,,
,52.05,0.883,66,9.791666667,5.6555,139.636,N.A.,51.9,-3.8,215,2013,9.175,14.80833333,Europe,Fraxinus excelsior,angiosperm,EA FRAXEX Rosique-Esplugas 2021,,,,
,51.986,-3.213,198,7.941666667,9.4339,146.59,N.A.,51.9,-3.8,215,2013,9.175,14.80833333,Europe,Fraxinus excelsior,angiosperm,EA FRAXEX Rosique-Esplugas 2021,,,,
,51.678,-2.679,208,9.966666667,10.524,141.577,N.A.,51.9,-3.8,215,2013,9.175,14.80833333,Europe,Fraxinus excelsior,angiosperm,EA FRAXEX Rosique-Esplugas 2021,,,,
,51.606,-2.285,160,9.475,8.615,144.973,N.A.,51.9,-3.8,215,2013,9.175,14.80833333,Europe,Fraxinus excelsior,angiosperm,EA FRAXEX Rosique-Esplugas 2021,,,,
,51.546,-3.234,158,9.216666667,13.293,144.407,N.A.,51.9,-3.8,215,2013,9.175,14.80833333,Europe,Fraxinus excelsior,angiosperm,EA FRAXEX Rosique-Esplugas 2021,,,,
,51.189,-3.583,102,8.958333333,15.412,145.135,N.A.,51.9,-3.8,215,2013,9.175,14.80833333,Europe,Fraxinus excelsior,angiosperm,EA FRAXEX Rosique-Esplugas 2021,,,,
,51.011,-0.628,60,10.79,8.5963,141.739,N.A.,51.9,-3.8,215,2013,9.175,14.80833333,Europe,Fraxinus excelsior,angiosperm,EA FRAXEX Rosique-Esplugas 2021,,,,
,50.908,-0.616,194,10.449165,9.3624,142.466,N.A.,51.9,-3.8,215,2013,9.175,14.80833333,Europe,Fraxinus excelsior,angiosperm,EA FRAXEX Rosique-Esplugas 2021,,,,
,50.637,-2.136,126,10.10833,8.6759,141.725,N.A.,51.9,-3.8,215,2013,9.175,14.80833333,Europe,Fraxinus excelsior,angiosperm,EA FRAXEX Rosique-Esplugas 2021,,,,
,48.45583333,10.06333333,560,8.1,7.05,116.96,N.A.,42.9575,26.62833,350,2013,10.325,5.475,Europe,Fagus sylvatica,angiosperm,EA FAGUSY Petkova et al 2017,,,,
,50.13333333,12.18333333,611,6,7,115.01,N.A.,42.9575,26.62833,350,2013,10.325,5.475,Europe,Fagus sylvatica,angiosperm,EA FAGUSY Petkova et al 2017,,,,
prov3,50.50416667,11.32805556,650,6.5,9,115.62,N.A.,42.9575,26.62833,350,2013,10.325,5.475,Europe,Fagus sylvatica,angiosperm,EA FAGUSY Petkova et al 2017,,,,
,48.21833333,10.42305556,565,7,8,116.96,N.A.,42.9575,26.62833,350,2013,10.325,5.475,Europe,Fagus sylvatica,angiosperm,EA FAGUSY Petkova et al 2017,,,,
,49.95166667,10.48833333,344,8,8,117.36,N.A.,42.9575,26.62833,350,2013,10.325,5.475,Europe,Fagus sylvatica,angiosperm,EA FAGUSY Petkova et al 2017,,,,
,41.97361111,24.37722222,1300,7,9.6,115.62,N.A.,42.9575,26.62833,350,2013,10.325,5.475,Europe,Fagus sylvatica,angiosperm,EA FAGUSY Petkova et al 2017,,,,
,43.35583333,23.17416667,850,10.4,8.25,113.63,N.A.,42.9575,26.62833,350,2013,10.325,5.475,Europe,Fagus sylvatica,angiosperm,EA FAGUSY Petkova et al 2017,,,,
,43.255,23.23888889,800,10.4,10.04,114.35,N.A.,42.9575,26.62833,350,2013,10.325,5.475,Europe,Fagus sylvatica,angiosperm,EA FAGUSY Petkova et al 2017,,,,
,48.45583333,10.06333333,560,8.1,7.05,107.93,N.A.,42.9575,26.62833,350,2016,10.325,5.475,Europe,Fagus sylvatica,angiosperm,EA FAGUSY Petkova et al 2017,,,,
,50.13333333,12.18333333,611,6,7,105.11,N.A.,42.9575,26.62833,350,2016,10.325,5.475,Europe,Fagus sylvatica,angiosperm,EA FAGUSY Petkova et al 2017,,,,
,50.50416667,11.32805556,650,6.5,9,105.88,N.A.,42.9575,26.62833,350,2016,10.325,5.475,Europe,Fagus sylvatica,angiosperm,EA FAGUSY Petkova et al 2017,,,,
,48.21833333,10.42305556,565,7,8,108.18,N.A.,42.9575,26.62833,350,2016,10.325,5.475,Europe,Fagus sylvatica,angiosperm,EA FAGUSY Petkova et al 2017,,,,
prov 13,49.95166667,10.48833333,344,8,8,107.16,N.A.,42.9575,26.62833,350,2016,10.325,5.475,Europe,Fagus sylvatica,angiosperm,EA FAGUSY Petkova et al 2017,,,,
,41.97361111,24.37722222,1300,7,9.6,105.75,N.A.,42.9575,26.62833,350,2016,10.325,5.475,Europe,Fagus sylvatica,angiosperm,EA FAGUSY Petkova et al 2017,,,,
,43.35583333,23.17416667,850,10.4,8.25,101.15,N.A.,42.9575,26.62833,350,2016,10.325,5.475,Europe,Fagus sylvatica,angiosperm,EA FAGUSY Petkova et al 2017,,,,
,43.255,23.23888889,800,10.4,10.04,103.83,N.A.,42.9575,26.62833,350,2016,10.325,5.475,Europe,Fagus sylvatica,angiosperm,EA FAGUSY Petkova et al 2017,,,,
,44.9466,-91.3956,273,5.975,6.566666667,119,N.A.,48.3809,-89.2477,189,1985,2.691666667,6.116666667,North America,Populus balsamifera,angiosperm,NA POPUBA Farmer 1993,,,,
,48.3809,-89.2477,189,2.691666667,6.116666667,120,N.A.,48.3809,-89.2477,189,1985,2.691666667,6.116666667,North America,Populus balsamifera,angiosperm,NA POPUBA Farmer 1993,,,,
,51.4678,-90.1938,365,-0.783333333,6.475,119,N.A.,48.3809,-89.2477,189,1985,2.691666667,6.116666667,North America,Populus balsamifera,angiosperm,NA POPUBA Farmer 1993,,,,
,45.7303,-89.6854,468,4.23333,6.666667,117,N.A.,48.3809,-89.2477,189,1985,2.691666667,6.116666667,North America,Populus balsamifera,angiosperm,NA POPUBA Farmer 1993,,,,
,44.9466,-91.3956,273,5.975,6.566666667,118,N.A.,48.3809,-89.2477,189,1986,2.691666667,6.116666667,North America,Populus balsamifera,angiosperm,NA POPUBA Farmer 1993,,,,
,48.3809,-89.2477,189,2.691666667,6.116666667,119,N.A.,48.3809,-89.2477,189,1986,2.691666667,6.116666667,North America,Populus balsamifera,angiosperm,NA POPUBA Farmer 1993,,,,
,51.4678,-90.1938,365,-0.783333333,6.475,119,N.A.,48.3809,-89.2477,189,1986,2.691666667,6.116666667,North America,Populus balsamifera,angiosperm,NA POPUBA Farmer 1993,,,,
,45.7303,-89.6854,468,4.23333,6.666667,116,N.A.,48.3809,-89.2477,189,1986,2.691666667,6.116666667,North America,Populus balsamifera,angiosperm,NA POPUBA Farmer 1993,,,,
,44.9466,-91.3956,273,5.975,6.566666667,111,N.A.,48.3809,-89.2477,189,1987,2.691666667,6.116666667,North America,Populus balsamifera,angiosperm,NA POPUBA Farmer 1993,,,,
,48.3809,-89.2477,189,2.691666667,6.116666667,117,N.A.,48.3809,-89.2477,189,1987,2.691666667,6.116666667,North America,Populus balsamifera,angiosperm,NA POPUBA Farmer 1993,,,,
,51.4678,-90.1938,365,-0.783333333,6.475,115,N.A.,48.3809,-89.2477,189,1987,2.691666667,6.116666667,North America,Populus balsamifera,angiosperm,NA POPUBA Farmer 1993,,,,
,45.7303,-89.6854,468,4.23333,6.666667,112,N.A.,48.3809,-89.2477,189,1987,2.691666667,6.116666667,North America,Populus balsamifera,angiosperm,NA POPUBA Farmer 1993,,,,
,66.41666667,14.5,118,-0.141666667,11.11666667,27.722,N.A.,69.65,18.91666667,56,2004,1.108333333,7.766667,Europe,Picea abies,gymnosperm,EG PICEAB Sogaard et al. 2008,,,,
,64.83333333,13,180,1.325,10.00833333,28.611,N.A.,69.65,18.91666667,56,2004,1.108333333,7.766667,Europe,Picea abies,gymnosperm,EG PICEAB Sogaard et al. 2008,,,,
,64.66666667,11.66666667,66,3.608333,12.925,28.611,N.A.,69.65,18.91666667,56,2004,1.108333333,7.766667,Europe,Picea abies,gymnosperm,EG PICEAB Sogaard et al. 2008,,,,
,60.58333333,11,656,2.866666667,5.791667,31.722,N.A.,69.65,18.91666667,56,2004,1.108333333,7.766667,Europe,Picea abies,gymnosperm,EG PICEAB Sogaard et al. 2008,,,,
,60.75,9,772,0.158333333,5.658333,,N.A.,69.65,18.91666667,56,2004,1.108333333,7.766667,Europe,Picea abies,gymnosperm,EG PICEAB Sogaard et al. 2008,,,,
,60.93333333,9.633333333,413,0.8,6.391666667,,N.A.,69.65,18.91666667,56,2004,1.108333333,7.766667,Europe,Picea abies,gymnosperm,EG PICEAB Sogaard et al. 2008,,,,
,58.58333333,8.833333333,74,6.416666667,8.708333333,37.722,N.A.,69.65,18.91666667,56,2004,1.108333333,7.766667,Europe,Picea abies,gymnosperm,EG PICEAB Sogaard et al. 2008,,,,
,51.66666667,10.5,468,7.675,6.766666667,,N.A.,69.65,18.91666667,56,2004,1.108333333,7.766667,Europe,Picea abies,gymnosperm,EG PICEAB Sogaard et al. 2008,,,,
,54.08333333,26.51666667,181,6.141666667,5.391667,,N.A.,69.65,18.91666667,56,2004,1.108333333,7.766667,Europe,Picea abies,gymnosperm,EG PICEAB Sogaard et al. 2008,,,,
,45.5,-123.5,100,10.3,4.82,122.1,N.A.,48.41666667,-124.0166667,75,1998,8.9,2.67,North America,Tsuga heterophylla,gymnosperm,NG TSUGHE Hannerz et al. 1999,,,,
,44.86666667,-122.1833333,305,8.3,3.75,121.6,N.A.,48.41666667,-124.0166667,75,1998,8.9,2.67,North America,Tsuga heterophylla,gymnosperm,NG TSUGHE Hannerz et al. 1999,,,,
,50,-125,120,9.1,2.68,126.5,N.A.,48.41666667,-124.0166667,75,1998,8.9,2.67,North America,Tsuga heterophylla,gymnosperm,NG TSUGHE Hannerz et al. 1999,,,,
,53.5,-132.15,30,7.2,4.17,133.5,N.A.,48.41666667,-124.0166667,75,1998,8.9,2.67,North America,Tsuga heterophylla,gymnosperm,NG TSUGHE Hannerz et al. 1999,,,,
,49.53333333,0.766666667,80,10.51666667,5.875,125.6,N.A.,48.63333333,19.03333333,810,2007,7.891667,6.216666667,Europe,Fagus sylvatica,angiosperm,EA FAGUSY Gmry & Paule 2011,,,,
,49.25,3.1,140,10.10833333,5.36667,127.2,N.A.,48.63333333,19.03333333,810,2007,7.891667,6.216666667,Europe,Fagus sylvatica,angiosperm,EA FAGUSY Gmry & Paule 2011,,,,
,44.15,2.583333333,850,10.16666667,7.491667,128.1,N.A.,48.63333333,19.03333333,810,2007,7.891667,6.216666667,Europe,Fagus sylvatica,angiosperm,EA FAGUSY Gmry & Paule 2011,,,,
,48.36666667,1.15,180,10.39166667,5.283333333,124.3,N.A.,48.63333333,19.03333333,810,2007,7.891667,6.216666667,Europe,Fagus sylvatica,angiosperm,EA FAGUSY Gmry & Paule 2011,,,,
,46.8,5.833333333,600,8.125,9.141666667,128.7,N.A.,48.63333333,19.03333333,810,2007,7.891667,6.216666667,Europe,Fagus sylvatica,angiosperm,EA FAGUSY Gmry & Paule 2011,,,,
,49.66666667,6.2,400,9.066666667,7.108333333,120.8,N.A.,48.63333333,19.03333333,810,2007,7.891667,6.216666667,Europe,Fagus sylvatica,angiosperm,EA FAGUSY Gmry & Paule 2011,,,,
,50.83333333,4.416666667,110,9.908333333,6.8,130.5,N.A.,48.63333333,19.03333333,810,2007,7.891667,6.216666667,Europe,Fagus sylvatica,angiosperm,EA FAGUSY Gmry & Paule 2011,,,,
,51.93333333,6.733333333,45,9.45,6.25,126.9,N.A.,48.63333333,19.03333333,810,2007,7.891667,6.216666667,Europe,Fagus sylvatica,angiosperm,EA FAGUSY Gmry & Paule 2011,,,,
,52.28333333,5.8,33,9.116666667,6.591666667,130.8,N.A.,48.63333333,19.03333333,810,2007,7.891667,6.216666667,Europe,Fagus sylvatica,angiosperm,EA FAGUSY Gmry & Paule 2011,,,,
,41.56666667,23.73333333,1450,9.933333333,5.308333333,125.3,N.A.,48.63333333,19.03333333,810,2007,7.891667,6.216666667,Europe,Fagus sylvatica,angiosperm,EA FAGUSY Gmry & Paule 2011,,,,
,51.71666667,-2,140,9.516666667,5.875,123.2,N.A.,48.63333333,19.03333333,810,2007,7.891667,6.216666667,Europe,Fagus sylvatica,angiosperm,EA FAGUSY Gmry & Paule 2011,,,,
,54.91666667,9.583333333,50,8.15,6.566666667,121.9,N.A.,48.63333333,19.03333333,810,2007,7.891667,6.216666667,Europe,Fagus sylvatica,angiosperm,EA FAGUSY Gmry & Paule 2011,,,,
,55.56666667,13.2,40,8.391666667,4.833333333,127.8,N.A.,48.63333333,19.03333333,810,2007,7.891667,6.216666667,Europe,Fagus sylvatica,angiosperm,EA FAGUSY Gmry & Paule 2011,,,,
,53.65,10.66666667,55,8.591666667,5.508333333,121.3,N.A.,48.63333333,19.03333333,810,2007,7.891667,6.216666667,Europe,Fagus sylvatica,angiosperm,EA FAGUSY Gmry & Paule 2011,,,,
,50.35,9.683333333,535,7.775,6.125,119.5,N.A.,48.63333333,19.03333333,810,2007,7.891667,6.216666667,Europe,Fagus sylvatica,angiosperm,EA FAGUSY Gmry & Paule 2011,,,,
,52.05,12.41666667,140,8.9,4.508333333,126.1,N.A.,48.63333333,19.03333333,810,2007,7.891667,6.216666667,Europe,Fagus sylvatica,angiosperm,EA FAGUSY Gmry & Paule 2011,,,,
,48.46666667,9.45,760,6.858333333,7.791666667,124,N.A.,48.63333333,19.03333333,810,2007,7.891667,6.216666667,Europe,Fagus sylvatica,angiosperm,EA FAGUSY Gmry & Paule 2011,,,,
,47.71666667,14.1,1250,4.783333333,12.46666667,120.9,N.A.,48.63333333,19.03333333,810,2007,7.891667,6.216666667,Europe,Fagus sylvatica,angiosperm,EA FAGUSY Gmry & Paule 2011,,,,
,47.53333333,14.85,1100,5.058333333,10.9,114.7,N.A.,48.63333333,19.03333333,810,2007,7.891667,6.216666667,Europe,Fagus sylvatica,angiosperm,EA FAGUSY Gmry & Paule 2011,,,,
,49.83333333,19.16666667,450,7.208333333,8.1166667,116.6,N.A.,48.63333333,19.03333333,810,2007,7.891667,6.216666667,Europe,Fagus sylvatica,angiosperm,EA FAGUSY Gmry & Paule 2011,,,,
,49.46666667,22.33333333,540,7.208333333,6.108333,117.9,N.A.,48.63333333,19.03333333,810,2007,7.891667,6.216666667,Europe,Fagus sylvatica,angiosperm,EA FAGUSY Gmry & Paule 2011,,,,
,49.25,22.81666667,900,6.558333,6.491667,116.8,N.A.,48.63333333,19.03333333,810,2007,7.891667,6.216666667,Europe,Fagus sylvatica,angiosperm,EA FAGUSY Gmry & Paule 2011,,,,
,50.8,15.23333333,760,5.433333,8.991666667,117.7,N.A.,48.63333333,19.03333333,810,2007,7.891667,6.216666667,Europe,Fagus sylvatica,angiosperm,EA FAGUSY Gmry & Paule 2011,,,,
,50.56666667,13.25,800,6.8,4.975,114.5,N.A.,48.63333333,19.03333333,810,2007,7.891667,6.216666667,Europe,Fagus sylvatica,angiosperm,EA FAGUSY Gmry & Paule 2011,,,,
,48.85,14,990,6.05,7.416667,114.9,N.A.,48.63333333,19.03333333,810,2007,7.891667,6.216666667,Europe,Fagus sylvatica,angiosperm,EA FAGUSY Gmry & Paule 2011,,,,
,45.63333333,14.38333333,1000,5.391667,14.50833,119.6,N.A.,48.63333333,19.03333333,810,2007,7.891667,6.216666667,Europe,Fagus sylvatica,angiosperm,EA FAGUSY Gmry & Paule 2011,,,,
,45.73333333,14.35,1040,5.391667,14.50833,121.2,N.A.,48.63333333,19.03333333,810,2007,7.891667,6.216666667,Europe,Fagus sylvatica,angiosperm,EA FAGUSY Gmry & Paule 2011,,,,
,42.06666667,26.13333333,200,11.78333,5.408333333,120.1,N.A.,48.63333333,19.03333333,810,2007,7.891667,6.216666667,Europe,Fagus sylvatica,angiosperm,EA FAGUSY Gmry & Paule 2011,,,,
,47.03333333,7.25,530,8.058333,7.991666667,121.5,N.A.,48.63333333,19.03333333,810,2007,7.891667,6.216666667,Europe,Fagus sylvatica,angiosperm,EA FAGUSY Gmry & Paule 2011,,,,
,50,14,480,8.158333333,4.441667,125.2,N.A.,48.63333333,19.03333333,810,2007,7.891667,6.216666667,Europe,Fagus sylvatica,angiosperm,EA FAGUSY Gmry & Paule 2011,,,,
,54.33333333,18.16666667,250,5.925,5.35,127.3,N.A.,48.63333333,19.03333333,810,2007,7.891667,6.216666667,Europe,Fagus sylvatica,angiosperm,EA FAGUSY Gmry & Paule 2011,,,,
,49.15,17.31666667,410,8.591666667,4.683333333,119,N.A.,48.63333333,19.03333333,810,2007,7.891667,6.216666667,Europe,Fagus sylvatica,angiosperm,EA FAGUSY Gmry & Paule 2011,,,,
,49.53333333,0.766666667,80,10.51666667,5.875,132.4,N.A.,48.63333333,19.03333333,810,2008,7.891667,6.216666667,Europe,Fagus sylvatica,angiosperm,EA FAGUSY Gmry & Paule 2011,,,,
,49.25,3.1,140,10.10833333,5.36667,132.8,N.A.,48.63333333,19.03333333,810,2008,7.891667,6.216666667,Europe,Fagus sylvatica,angiosperm,EA FAGUSY Gmry & Paule 2011,,,,
,44.15,2.583333333,850,10.16666667,7.491667,134.1,N.A.,48.63333333,19.03333333,810,2008,7.891667,6.216666667,Europe,Fagus sylvatica,angiosperm,EA FAGUSY Gmry & Paule 2011,,,,
,48.36666667,1.15,180,10.39166667,5.283333333,131.7,N.A.,48.63333333,19.03333333,810,2008,7.891667,6.216666667,Europe,Fagus sylvatica,angiosperm,EA FAGUSY Gmry & Paule 2011,,,,
,46.8,5.833333333,600,8.125,9.141666667,133.7,N.A.,48.63333333,19.03333333,810,2008,7.891667,6.216666667,Europe,Fagus sylvatica,angiosperm,EA FAGUSY Gmry & Paule 2011,,,,
,49.66666667,6.2,400,9.066666667,7.108333333,130.2,N.A.,48.63333333,19.03333333,810,2008,7.891667,6.216666667,Europe,Fagus sylvatica,angiosperm,EA FAGUSY Gmry & Paule 2011,,,,
,50.83333333,4.416666667,110,9.908333333,6.8,135.2,N.A.,48.63333333,19.03333333,810,2008,7.891667,6.216666667,Europe,Fagus sylvatica,angiosperm,EA FAGUSY Gmry & Paule 2011,,,,
,51.93333333,6.733333333,45,9.45,6.25,133.2,N.A.,48.63333333,19.03333333,810,2008,7.891667,6.216666667,Europe,Fagus sylvatica,angiosperm,EA FAGUSY Gmry & Paule 2011,,,,
,52.28333333,5.8,33,9.116666667,6.591666667,136.2,N.A.,48.63333333,19.03333333,810,2008,7.891667,6.216666667,Europe,Fagus sylvatica,angiosperm,EA FAGUSY Gmry & Paule 2011,,,,
,41.56666667,23.73333333,1450,9.933333333,5.308333333,131.5,N.A.,48.63333333,19.03333333,810,2008,7.891667,6.216666667,Europe,Fagus sylvatica,angiosperm,EA FAGUSY Gmry & Paule 2011,,,,
,51.71666667,-2,140,9.516666667,5.875,130.7,N.A.,48.63333333,19.03333333,810,2008,7.891667,6.216666667,Europe,Fagus sylvatica,angiosperm,EA FAGUSY Gmry & Paule 2011,,,,
,54.91666667,9.583333333,50,8.15,6.566666667,131,N.A.,48.63333333,19.03333333,810,2008,7.891667,6.216666667,Europe,Fagus sylvatica,angiosperm,EA FAGUSY Gmry & Paule 2011,,,,
,55.56666667,13.2,40,8.391666667,4.833333333,132.9,N.A.,48.63333333,19.03333333,810,2008,7.891667,6.216666667,Europe,Fagus sylvatica,angiosperm,EA FAGUSY Gmry & Paule 2011,,,,
,53.65,10.66666667,55,8.591666667,5.508333333,129,N.A.,48.63333333,19.03333333,810,2008,7.891667,6.216666667,Europe,Fagus sylvatica,angiosperm,EA FAGUSY Gmry & Paule 2011,,,,
,50.35,9.683333333,535,7.775,6.125,129.2,N.A.,48.63333333,19.03333333,810,2008,7.891667,6.216666667,Europe,Fagus sylvatica,angiosperm,EA FAGUSY Gmry & Paule 2011,,,,
,52.05,12.41666667,140,8.9,4.508333333,132.4,N.A.,48.63333333,19.03333333,810,2008,7.891667,6.216666667,Europe,Fagus sylvatica,angiosperm,EA FAGUSY Gmry & Paule 2011,,,,
,48.46666667,9.45,760,6.858333333,7.791666667,131.5,N.A.,48.63333333,19.03333333,810,2008,7.891667,6.216666667,Europe,Fagus sylvatica,angiosperm,EA FAGUSY Gmry & Paule 2011,,,,
,47.71666667,14.1,1250,4.783333333,12.46666667,129.3,N.A.,48.63333333,19.03333333,810,2008,7.891667,6.216666667,Europe,Fagus sylvatica,angiosperm,EA FAGUSY Gmry & Paule 2011,,,,
,47.53333333,14.85,1100,5.058333333,10.9,126.9,N.A.,48.63333333,19.03333333,810,2008,7.891667,6.216666667,Europe,Fagus sylvatica,angiosperm,EA FAGUSY Gmry & Paule 2011,,,,
,49.83333333,19.16666667,450,7.208333333,8.1166667,127.4,N.A.,48.63333333,19.03333333,810,2008,7.891667,6.216666667,Europe,Fagus sylvatica,angiosperm,EA FAGUSY Gmry & Paule 2011,,,,
,49.46666667,22.33333333,540,7.208333333,6.108333,128.3,N.A.,48.63333333,19.03333333,810,2008,7.891667,6.216666667,Europe,Fagus sylvatica,angiosperm,EA FAGUSY Gmry & Paule 2011,,,,
,49.25,22.81666667,900,6.558333,6.491667,127.5,N.A.,48.63333333,19.03333333,810,2008,7.891667,6.216666667,Europe,Fagus sylvatica,angiosperm,EA FAGUSY Gmry & Paule 2011,,,,
,50.8,15.23333333,760,5.433333,8.991666667,127.5,N.A.,48.63333333,19.03333333,810,2008,7.891667,6.216666667,Europe,Fagus sylvatica,angiosperm,EA FAGUSY Gmry & Paule 2011,,,,
,50.56666667,13.25,800,6.8,4.975,125.6,N.A.,48.63333333,19.03333333,810,2008,7.891667,6.216666667,Europe,Fagus sylvatica,angiosperm,EA FAGUSY Gmry & Paule 2011,,,,
,48.85,14,990,6.05,7.416667,127.2,N.A.,48.63333333,19.03333333,810,2008,7.891667,6.216666667,Europe,Fagus sylvatica,angiosperm,EA FAGUSY Gmry & Paule 2011,,,,
,45.63333333,14.38333333,1000,5.391667,14.50833,129.6,N.A.,48.63333333,19.03333333,810,2008,7.891667,6.216666667,Europe,Fagus sylvatica,angiosperm,EA FAGUSY Gmry & Paule 2011,,,,
,45.73333333,14.35,1040,5.391667,14.50833,129.7,N.A.,48.63333333,19.03333333,810,2008,7.891667,6.216666667,Europe,Fagus sylvatica,angiosperm,EA FAGUSY Gmry & Paule 2011,,,,
,42.06666667,26.13333333,200,11.78333,5.408333333,129.9,N.A.,48.63333333,19.03333333,810,2008,7.891667,6.216666667,Europe,Fagus sylvatica,angiosperm,EA FAGUSY Gmry & Paule 2011,,,,
,47.03333333,7.25,530,8.058333,7.991666667,129.7,N.A.,48.63333333,19.03333333,810,2008,7.891667,6.216666667,Europe,Fagus sylvatica,angiosperm,EA FAGUSY Gmry & Paule 2011,,,,
,50,14,480,8.158333333,4.441667,131.8,N.A.,48.63333333,19.03333333,810,2008,7.891667,6.216666667,Europe,Fagus sylvatica,angiosperm,EA FAGUSY Gmry & Paule 2011,,,,
,54.33333333,18.16666667,250,5.925,5.35,134.1,N.A.,48.63333333,19.03333333,810,2008,7.891667,6.216666667,Europe,Fagus sylvatica,angiosperm,EA FAGUSY Gmry & Paule 2011,,,,
,49.15,17.31666667,410,8.591666667,4.683333333,128.3,N.A.,48.63333333,19.03333333,810,2008,7.891667,6.216666667,Europe,Fagus sylvatica,angiosperm,EA FAGUSY Gmry & Paule 2011,,,,
,49.17,-124,840,6.6,2.08,127.4,N.A.,44.83,-123.05,60,1962,11.5,2.32,North America,Pseudotsuga menziesii,gymnosperm,NG PSEUME White et al. 1979,,,,
,49.75,-125,460,7.7,2.39,128.5,N.A.,44.83,-123.05,60,1962,11.5,2.32,North America,Pseudotsuga menziesii,gymnosperm,NG PSEUME White et al. 1979,,,,
,48.83,-124.25,200,9.6,3.66,125.8,N.A.,44.83,-123.05,60,1962,11.5,2.32,North America,Pseudotsuga menziesii,gymnosperm,NG PSEUME White et al. 1979,,,,
,50.5,-126.75,150,9.2,5.51,127.9,N.A.,44.83,-123.05,60,1962,11.5,2.32,North America,Pseudotsuga menziesii,gymnosperm,NG PSEUME White et al. 1979,,,,
,46.75,-122.75,590,8.4,2.29,122.9,N.A.,44.83,-123.05,60,1962,11.5,2.32,North America,Pseudotsuga menziesii,gymnosperm,NG PSEUME White et al. 1979,,,,
,47.25,-123.33,90,10.3,3.62,128,N.A.,44.83,-123.05,60,1962,11.5,2.32,North America,Pseudotsuga menziesii,gymnosperm,NG PSEUME White et al. 1979,,,,
,45.5,-123.5,580,9.4,4.63,127.7,N.A.,44.83,-123.05,60,1962,11.5,2.32,North America,Pseudotsuga menziesii,gymnosperm,NG PSEUME White et al. 1979,,,,
,44.83,-123.05,60,11.5,2.32,118.8,N.A.,44.83,-123.05,60,1962,11.5,2.32,North America,Pseudotsuga menziesii,gymnosperm,NG PSEUME White et al. 1979,,,,
,45.17,-122.1,550,9.9,3.15,122.3,N.A.,44.83,-123.05,60,1962,11.5,2.32,North America,Pseudotsuga menziesii,gymnosperm,NG PSEUME White et al. 1979,,,,
,45.17,-121.75,1070,5.8,2.38,124.6,N.A.,44.83,-123.05,60,1962,11.5,2.32,North America,Pseudotsuga menziesii,gymnosperm,NG PSEUME White et al. 1979,,,,
,44.5,-123.6,580,10.1,3.06,123,N.A.,44.83,-123.05,60,1962,11.5,2.32,North America,Pseudotsuga menziesii,gymnosperm,NG PSEUME White et al. 1979,,,,
,43.75,-122.17,580,12.4,3.37,120.4,N.A.,44.83,-123.05,60,1962,11.5,2.32,North America,Pseudotsuga menziesii,gymnosperm,NG PSEUME White et al. 1979,,,,
,43.75,-122.17,840,11.2,3.37,121,N.A.,44.83,-123.05,60,1962,11.5,2.32,North America,Pseudotsuga menziesii,gymnosperm,NG PSEUME White et al. 1979,,,,
,42.34,-123.25,910,10.2,0.93,124.8,N.A.,44.83,-123.05,60,1962,11.5,2.32,North America,Pseudotsuga menziesii,gymnosperm,NG PSEUME White et al. 1979,,,,
,49.17,-122.5,180,8.9,3.94,127,N.A.,44.83,-123.05,60,1962,11.5,2.32,North America,Pseudotsuga menziesii,gymnosperm,NG PSEUME White et al. 1979,,,,
,47.5,-121.33,1220,3.8,5.51,123,N.A.,44.83,-123.05,60,1962,11.5,2.32,North America,Pseudotsuga menziesii,gymnosperm,NG PSEUME White et al. 1979,,,,
,49.17,-124,840,6.6,2.08,128.4,N.A.,44.83,-123.05,60,1963,11.5,2.32,North America,Pseudotsuga menziesii,gymnosperm,NG PSEUME White et al. 1979,,,,
,49.75,-125,460,7.7,2.39,129.8,N.A.,44.83,-123.05,60,1963,11.5,2.32,North America,Pseudotsuga menziesii,gymnosperm,NG PSEUME White et al. 1979,,,,
,48.83,-124.25,200,9.6,3.66,126.4,N.A.,44.83,-123.05,60,1963,11.5,2.32,North America,Pseudotsuga menziesii,gymnosperm,NG PSEUME White et al. 1979,,,,
,50.5,-126.75,150,9.2,5.51,131,N.A.,44.83,-123.05,60,1963,11.5,2.32,North America,Pseudotsuga menziesii,gymnosperm,NG PSEUME White et al. 1979,,,,
,46.75,-122.75,590,8.4,2.29,125.3,N.A.,44.83,-123.05,60,1963,11.5,2.32,North America,Pseudotsuga menziesii,gymnosperm,NG PSEUME White et al. 1979,,,,
,47.25,-123.33,90,10.3,3.62,129.9,N.A.,44.83,-123.05,60,1963,11.5,2.32,North America,Pseudotsuga menziesii,gymnosperm,NG PSEUME White et al. 1979,,,,
,45.5,-123.5,580,9.4,4.63,130.1,N.A.,44.83,-123.05,60,1963,11.5,2.32,North America,Pseudotsuga menziesii,gymnosperm,NG PSEUME White et al. 1979,,,,
,44.83,-123.05,60,11.5,2.32,119.1,N.A.,44.83,-123.05,60,1963,11.5,2.32,North America,Pseudotsuga menziesii,gymnosperm,NG PSEUME White et al. 1979,,,,
,45.17,-122.1,550,9.9,3.15,125.9,N.A.,44.83,-123.05,60,1963,11.5,2.32,North America,Pseudotsuga menziesii,gymnosperm,NG PSEUME White et al. 1979,,,,
,45.17,-121.75,1070,5.8,2.38,128.6,N.A.,44.83,-123.05,60,1963,11.5,2.32,North America,Pseudotsuga menziesii,gymnosperm,NG PSEUME White et al. 1979,,,,
,44.5,-123.6,580,10.1,3.06,123.8,N.A.,44.83,-123.05,60,1963,11.5,2.32,North America,Pseudotsuga menziesii,gymnosperm,NG PSEUME White et al. 1979,,,,
,43.75,-122.17,580,12.4,3.37,122.2,N.A.,44.83,-123.05,60,1963,11.5,2.32,North America,Pseudotsuga menziesii,gymnosperm,NG PSEUME White et al. 1979,,,,
,43.75,-122.17,840,11.2,3.37,124,N.A.,44.83,-123.05,60,1963,11.5,2.32,North America,Pseudotsuga menziesii,gymnosperm,NG PSEUME White et al. 1979,,,,
,42.34,-123.25,910,10.2,0.93,125.5,N.A.,44.83,-123.05,60,1963,11.5,2.32,North America,Pseudotsuga menziesii,gymnosperm,NG PSEUME White et al. 1979,,,,
,49.17,-122.5,180,8.9,3.94,133.6,N.A.,44.83,-123.05,60,1963,11.5,2.32,North America,Pseudotsuga menziesii,gymnosperm,NG PSEUME White et al. 1979,,,,
,47.5,-121.33,1220,3.8,5.51,128.4,N.A.,44.83,-123.05,60,1963,11.5,2.32,North America,Pseudotsuga menziesii,gymnosperm,NG PSEUME White et al. 1979,,,,
,49.17,-124,840,6.6,2.08,120.9,N.A.,44.83,-123.05,60,1965,11.5,2.32,North America,Pseudotsuga menziesii,gymnosperm,NG PSEUME White et al. 1979,,,,
,49.75,-125,460,7.7,2.39,121.3,N.A.,44.83,-123.05,60,1965,11.5,2.32,North America,Pseudotsuga menziesii,gymnosperm,NG PSEUME White et al. 1979,,,,
,48.83,-124.25,200,9.6,3.66,121.7,N.A.,44.83,-123.05,60,1965,11.5,2.32,North America,Pseudotsuga menziesii,gymnosperm,NG PSEUME White et al. 1979,,,,
,50.5,-126.75,150,9.2,5.51,121.8,N.A.,44.83,-123.05,60,1965,11.5,2.32,North America,Pseudotsuga menziesii,gymnosperm,NG PSEUME White et al. 1979,,,,
,46.75,-122.75,590,8.4,2.29,121.6,N.A.,44.83,-123.05,60,1965,11.5,2.32,North America,Pseudotsuga menziesii,gymnosperm,NG PSEUME White et al. 1979,,,,
,47.25,-123.33,90,10.3,3.62,122.3,N.A.,44.83,-123.05,60,1965,11.5,2.32,North America,Pseudotsuga menziesii,gymnosperm,NG PSEUME White et al. 1979,,,,
,45.5,-123.5,580,9.4,4.63,119.4,N.A.,44.83,-123.05,60,1965,11.5,2.32,North America,Pseudotsuga menziesii,gymnosperm,NG PSEUME White et al. 1979,,,,
,44.83,-123.05,60,11.5,2.32,120.9,N.A.,44.83,-123.05,60,1965,11.5,2.32,North America,Pseudotsuga menziesii,gymnosperm,NG PSEUME White et al. 1979,,,,
,45.17,-122.1,550,9.9,3.15,124.5,N.A.,44.83,-123.05,60,1965,11.5,2.32,North America,Pseudotsuga menziesii,gymnosperm,NG PSEUME White et al. 1979,,,,
,45.17,-121.75,1070,5.8,2.38,119.2,N.A.,44.83,-123.05,60,1965,11.5,2.32,North America,Pseudotsuga menziesii,gymnosperm,NG PSEUME White et al. 1979,,,,
,44.5,-123.6,580,10.1,3.06,119.9,N.A.,44.83,-123.05,60,1965,11.5,2.32,North America,Pseudotsuga menziesii,gymnosperm,NG PSEUME White et al. 1979,,,,
,43.75,-122.17,580,12.4,3.37,119.2,N.A.,44.83,-123.05,60,1965,11.5,2.32,North America,Pseudotsuga menziesii,gymnosperm,NG PSEUME White et al. 1979,,,,
,43.75,-122.17,840,11.2,3.37,121.4,N.A.,44.83,-123.05,60,1965,11.5,2.32,North America,Pseudotsuga menziesii,gymnosperm,NG PSEUME White et al. 1979,,,,
,42.34,-123.25,910,10.2,0.93,121.4,N.A.,44.83,-123.05,60,1965,11.5,2.32,North America,Pseudotsuga menziesii,gymnosperm,NG PSEUME White et al. 1979,,,,
,49.17,-122.5,180,8.9,3.94,126.3,N.A.,44.83,-123.05,60,1965,11.5,2.32,North America,Pseudotsuga menziesii,gymnosperm,NG PSEUME White et al. 1979,,,,
,47.5,-121.33,1220,3.8,5.51,123.1,N.A.,44.83,-123.05,60,1965,11.5,2.32,North America,Pseudotsuga menziesii,gymnosperm,NG PSEUME White et al. 1979,,,,
